City_ID,City,Country,Date,Lat,Lng,Max Temp,Humidity,Cloudiness,Wind Speed
0,Avarua,CK,2021-09-11 02:17:12,-21.2078,-159.775,78.85,78,40,6.91
1,Christchurch,NZ,2021-09-11 02:17:12,-43.5333,172.6333,59.32,52,9,4.0
2,Jamestown,US,2021-09-11 02:14:14,42.097,-79.2353,62.19,88,1,1.01
3,Vardo,NO,2021-09-11 02:17:13,70.3705,31.1107,43.68,75,93,18.32
4,Touros,BR,2021-09-11 02:17:14,-5.1989,-35.4608,76.1,76,6,16.17
5,Bardiyah,LY,2021-09-11 02:17:14,31.7561,25.0865,74.34,65,0,6.17
6,Butaritari,KI,2021-09-11 02:17:15,3.0707,172.7902,83.12,75,14,14.9
7,Hamilton,US,2021-09-11 02:16:13,39.1834,-84.5333,67.77,73,1,0.0
8,Atuona,PF,2021-09-11 02:17:15,-9.8,-139.0333,78.15,72,7,14.81
9,Lasa,IT,2021-09-11 02:17:16,46.6166,10.7002,63.48,90,70,1.79
10,Mahebourg,MU,2021-09-11 02:17:16,-20.4081,57.7,70.09,83,40,9.22
11,Albany,US,2021-09-11 02:17:16,42.6001,-73.9662,58.53,84,6,5.5
12,Pitimbu,BR,2021-09-11 02:17:17,-7.4706,-34.8086,73.99,74,12,11.97
13,Sena Madureira,BR,2021-09-11 02:17:18,-9.0656,-68.6569,72.0,95,42,0.38
14,Castro,BR,2021-09-11 02:17:18,-24.7911,-50.0119,56.44,40,99,3.94
15,Tabou,CI,2021-09-11 02:17:19,4.423,-7.3528,76.21,87,100,2.06
16,Xocali,AZ,2021-09-11 02:17:19,39.913,46.7903,60.17,73,0,3.33
17,Barrow,US,2021-09-11 02:13:29,71.2906,-156.7887,35.62,93,90,14.97
18,Grindavik,IS,2021-09-11 02:17:20,63.8424,-22.4338,48.15,100,75,6.91
19,Ushuaia,AR,2021-09-11 02:17:20,-54.8,-68.3,37.06,81,40,9.22
20,Fredericksburg,US,2021-09-11 02:17:21,38.3032,-77.4605,66.42,83,1,0.0
21,Okara,PK,2021-09-11 02:17:22,30.8081,73.4458,76.46,90,8,9.24
22,Ladario,BR,2021-09-11 02:17:22,-19.0047,-57.6017,69.46,47,1,2.15
23,Itaituba,BR,2021-09-11 02:16:17,-4.2761,-55.9836,76.46,75,11,1.99
24,Georgetown,MY,2021-09-11 02:12:40,5.4112,100.3354,85.93,75,20,3.44
25,Rikitea,PF,2021-09-11 02:17:23,-23.1203,-134.9692,73.85,77,85,13.29
26,New Norfolk,AU,2021-09-11 02:17:24,-42.7826,147.0587,65.91,58,47,4.0
27,Gazalkent,UZ,2021-09-11 02:17:24,41.5581,69.7708,59.36,30,0,4.12
28,Katsuura,JP,2021-09-11 02:17:25,35.1333,140.3,78.84,75,73,5.26
29,Cape Town,ZA,2021-09-11 02:17:01,-33.9258,18.4232,53.89,86,75,1.99
30,Hermanus,ZA,2021-09-11 02:17:25,-34.4187,19.2345,50.9,76,56,3.47
31,Kavaratti,IN,2021-09-11 02:17:26,10.5669,72.642,81.97,77,100,17.34
32,Yellowknife,CA,2021-09-11 02:17:27,62.456,-114.3525,48.72,76,20,3.44
33,Lagoa,PT,2021-09-11 02:17:27,39.05,-27.9833,69.39,76,5,21.34
34,Nanortalik,GL,2021-09-11 02:17:28,60.1432,-45.2371,44.4,83,100,3.42
35,Bluff,NZ,2021-09-11 02:17:28,-46.6,168.3333,47.8,68,90,19.8
36,Mataura,NZ,2021-09-11 02:17:29,-46.1927,168.8643,47.48,84,51,7.72
37,Itarema,BR,2021-09-11 02:17:30,-2.9248,-39.9167,77.49,86,7,13.58
38,Saint-Philippe,RE,2021-09-11 02:17:31,-21.3585,55.7679,65.75,81,12,9.62
39,Lebu,CL,2021-09-11 02:17:31,-37.6167,-73.65,51.66,90,100,2.66
40,Olafsvik,IS,2021-09-11 02:17:32,64.8945,-23.7142,48.11,85,100,3.18
41,San Vicente,AR,2021-09-11 02:17:32,-26.6167,-54.1333,49.42,83,0,2.82
42,Meulaboh,ID,2021-09-11 02:17:32,4.1363,96.1285,78.85,82,100,3.58
43,Qaanaaq,GL,2021-09-11 02:17:33,77.484,-69.3632,17.65,67,98,6.87
44,Nanfeng,CN,2021-09-11 02:17:33,23.7434,111.7959,89.17,67,42,1.97
45,Busselton,AU,2021-09-11 02:17:34,-33.65,115.3333,56.05,60,50,12.62
46,Salalah,OM,2021-09-11 02:17:35,17.0151,54.0924,78.89,100,90,3.44
47,Kwekwe,ZW,2021-09-11 02:17:35,-18.9281,29.8149,51.62,72,0,9.22
48,Tomatlan,MX,2021-09-11 02:17:35,19.9333,-105.25,77.32,96,100,2.26
49,Camocim,BR,2021-09-11 02:17:36,-2.9022,-40.8411,75.47,88,55,8.84
50,East London,ZA,2021-09-11 02:17:37,-33.0153,27.9116,68.32,77,7,4.5
51,Tsogni,GA,2021-09-11 02:17:37,-2.7942,10.0988,75.25,87,100,6.26
52,Majene,ID,2021-09-11 02:17:38,-3.5403,118.9707,84.34,71,24,3.09
53,Khowst,AF,2021-09-11 02:17:38,33.3833,69.8833,71.89,79,42,2.84
54,Kodiak,US,2021-09-11 02:17:39,57.79,-152.4072,62.11,51,1,17.27
55,Ilulissat,GL,2021-09-11 02:17:40,69.2167,-51.1,26.62,63,0,2.3
56,Kaitangata,NZ,2021-09-11 02:17:40,-46.2817,169.8464,48.16,83,97,9.26
57,Cherskiy,RU,2021-09-11 02:17:40,68.75,161.3,38.28,53,16,10.83
58,Punta Arenas,CL,2021-09-11 02:17:41,-53.15,-70.9167,39.31,75,20,14.97
59,Cabo San Lucas,MX,2021-09-11 02:17:42,22.8909,-109.9124,81.52,84,40,1.99
60,Dikson,RU,2021-09-11 02:17:42,73.5069,80.5464,43.2,94,100,9.01
61,Nouadhibou,MR,2021-09-11 02:17:43,20.931,-17.0347,78.78,83,75,12.66
62,Komsomolskiy,UZ,2021-09-11 02:17:43,40.4272,71.7189,65.12,34,8,2.3
63,El Tigre,VE,2021-09-11 02:14:20,8.8875,-64.2454,77.65,71,15,12.17
64,Pacific Grove,US,2021-09-11 02:17:44,36.6177,-121.9166,77.4,87,75,1.99
65,Bredasdorp,ZA,2021-09-11 02:17:45,-34.5322,20.0403,49.32,93,100,3.44
66,Karratha,AU,2021-09-11 02:17:45,-20.7377,116.8463,86.0,22,0,12.35
67,Kruisfontein,ZA,2021-09-11 02:17:45,-34.0033,24.7314,56.39,78,33,4.68
68,Poum,NC,2021-09-11 02:17:46,-20.2333,164.0167,71.8,62,18,9.33
69,Nieuw Amsterdam,SR,2021-09-11 02:17:47,5.8833,-55.0833,81.01,87,41,8.88
70,Urdoma,RU,2021-09-11 02:17:47,61.7533,48.5442,32.74,97,25,4.54
71,Adeje,ES,2021-09-11 02:17:47,28.1227,-16.726,85.08,49,49,3.13
72,Cidreira,BR,2021-09-11 02:17:48,-30.1811,-50.2056,61.29,69,98,11.21
73,Tasiilaq,GL,2021-09-11 02:17:49,65.6145,-37.6368,33.96,51,4,9.15
74,Longyearbyen,SJ,2021-09-11 02:17:49,78.2186,15.6401,33.64,69,0,0.0
75,Mar Del Plata,AR,2021-09-11 02:15:15,-38.0023,-57.5575,51.82,100,90,2.3
76,Nagua,DO,2021-09-11 02:17:50,19.3832,-69.8474,77.85,87,57,5.5
77,Miranda,CO,2021-09-11 02:17:50,3.2499,-76.2281,66.33,90,76,5.1
78,Angoram,PG,2021-09-11 02:17:51,-4.0625,144.0661,90.82,52,96,3.13
79,Kapaa,US,2021-09-11 02:17:52,22.0752,-159.319,82.72,72,1,3.0
80,Nikolskoye,RU,2021-09-11 02:17:52,59.7035,30.7861,48.09,79,84,4.47
81,Nakskov,DK,2021-09-11 02:17:53,54.8373,11.1284,64.0,91,100,8.66
82,Bangui,CF,2021-09-11 02:17:54,4.3612,18.555,68.81,97,100,1.25
83,Kijang,KR,2021-09-11 02:17:54,35.2442,129.2139,82.13,64,0,4.05
84,Evensk,RU,2021-09-11 02:17:55,61.95,159.2333,46.06,39,95,10.45
85,Port Hedland,AU,2021-09-11 02:17:55,-20.3167,118.5667,89.65,14,0,10.36
86,Maldonado,UY,2021-09-11 02:14:26,-34.6667,-54.9167,54.79,97,94,7.63
87,Hasaki,JP,2021-09-11 02:17:56,35.7333,140.8333,81.0,78,61,8.37
88,La Palma,US,2021-09-11 02:17:56,33.8464,-118.0467,94.8,58,1,4.0
89,Nalut,LY,2021-09-11 02:17:57,30.3333,10.85,82.63,22,0,7.72
90,Pozoblanco,ES,2021-09-11 02:17:57,38.3791,-4.8483,63.18,62,75,1.74
91,Tuatapere,NZ,2021-09-11 02:17:58,-46.1333,167.6833,47.82,70,77,10.0
92,Tura,IN,2021-09-11 02:17:58,25.5198,90.2201,77.0,94,100,1.19
93,Bethel,US,2021-09-11 02:17:59,41.3712,-73.414,65.91,82,1,0.0
94,Vaini,TO,2021-09-11 02:18:00,-21.2,-175.2,78.96,78,75,8.05
95,Lorengau,PG,2021-09-11 02:18:01,-2.0226,147.2712,85.87,66,100,12.39
96,Axim,GH,2021-09-11 02:18:01,4.8699,-2.2405,75.83,90,100,6.67
97,Akdepe,TM,2021-09-11 02:18:02,42.0551,59.3788,50.0,23,0,5.61
98,Carnarvon,AU,2021-09-11 02:18:02,-24.8667,113.6333,69.87,40,0,23.02
99,Yar-Sale,RU,2021-09-11 02:18:02,66.8333,70.8333,38.82,74,95,5.95
100,Khovu-Aksy,RU,2021-09-11 02:18:03,51.1333,93.6,48.09,47,9,0.94
101,Klaksvik,FO,2021-09-11 02:18:04,62.2266,-6.589,49.12,77,95,6.08
102,Saint George,US,2021-09-11 02:18:04,37.1041,-113.5841,95.63,23,1,1.01
103,Zyryanskoye,RU,2021-09-11 02:18:05,56.8306,86.6258,49.59,78,100,15.39
104,Honiara,SB,2021-09-11 02:15:15,-9.4333,159.95,86.07,68,18,10.0
105,Nurota,UZ,2021-09-11 02:18:06,40.5614,65.6886,50.09,22,0,7.02
106,Port Alfred,ZA,2021-09-11 02:18:06,-33.5906,26.891,63.82,71,0,7.47
107,Te Anau,NZ,2021-09-11 02:18:07,-45.4167,167.7167,45.59,87,58,5.64
108,Trebukhiv,UA,2021-09-11 02:18:07,50.4843,30.903,54.91,93,0,2.24
109,Upernavik,GL,2021-09-11 02:18:08,72.7868,-56.1549,27.82,56,39,6.44
110,Gogrial,SS,2021-09-11 02:18:09,8.5332,28.1004,70.5,86,49,1.1
111,Fuling,CN,2021-09-11 02:18:09,29.7022,107.3919,80.8,74,92,0.87
112,Tuktoyaktuk,CA,2021-09-11 02:18:10,69.4541,-133.0374,50.0,76,75,16.11
113,Sorong,ID,2021-09-11 02:18:10,-0.8833,131.25,79.86,81,100,2.98
114,Narsaq,GL,2021-09-11 02:18:11,60.9167,-46.05,43.02,92,100,1.79
115,Pathein,MM,2021-09-11 02:18:11,16.7833,94.7333,76.1,96,100,7.27
116,Zhigansk,RU,2021-09-11 02:18:12,66.7697,123.3711,52.84,45,27,10.45
117,Norman Wells,CA,2021-09-11 02:18:12,65.282,-126.8329,59.04,55,75,14.97
118,Hithadhoo,MV,2021-09-11 02:18:13,-0.6,73.0833,82.65,70,100,2.13
119,Mangrol,IN,2021-09-11 02:18:14,21.1167,70.1167,80.64,86,100,7.61
120,Narasannapeta,IN,2021-09-11 02:18:14,18.4167,84.05,79.93,83,100,7.2
121,Clyde River,CA,2021-09-11 02:18:15,70.4692,-68.5914,32.11,75,92,2.48
122,Agirish,RU,2021-09-11 02:18:15,61.9247,63.0231,39.22,97,100,14.47
123,Sitka,US,2021-09-11 02:18:16,57.0531,-135.33,57.09,72,90,14.97
124,Grand Island,US,2021-09-11 02:18:16,40.925,-98.342,80.89,82,1,6.91
125,San Patricio,US,2021-09-11 02:18:17,28.017,-97.5169,86.09,55,0,14.29
126,Luderitz,NA,2021-09-11 02:18:18,-26.6481,15.1594,57.65,65,4,8.84
127,Pisco,PE,2021-09-11 02:14:44,-13.7,-76.2167,60.85,82,90,4.61
128,Tobermory,CA,2021-09-11 02:18:18,45.2501,-81.6665,63.32,67,100,11.9
129,Arraial Do Cabo,BR,2021-09-11 02:18:19,-22.9661,-42.0278,70.86,94,100,6.71
130,Seguela,CI,2021-09-11 02:18:19,7.9611,-6.6731,69.64,98,97,3.18
131,Fort Nelson,CA,2021-09-11 02:15:25,58.8053,-122.7002,62.19,55,75,5.75
132,La Ronge,CA,2021-09-11 02:18:20,55.1001,-105.2842,55.65,54,20,6.91
133,Pemba,MZ,2021-09-11 02:18:21,-12.974,40.5178,68.7,83,20,9.22
134,Okha,RU,2021-09-11 02:18:21,53.5739,142.9478,55.54,54,97,15.23
135,Torbay,CA,2021-09-11 02:18:22,47.6666,-52.7314,66.27,98,90,31.07
136,Thinadhoo,MV,2021-09-11 02:18:22,0.5333,72.9333,83.08,70,100,4.92
137,Banjar,ID,2021-09-11 02:18:23,-8.19,114.9675,82.26,61,77,1.28
138,Maarianhamina,AX,2021-09-11 02:18:24,60.0973,19.9348,55.26,100,90,3.44
139,Jalu,LY,2021-09-11 02:18:24,29.0331,21.5482,80.28,33,0,5.06
140,Anadyr,RU,2021-09-11 02:18:25,64.75,177.4833,41.5,75,40,11.18
141,Atar,MR,2021-09-11 02:18:25,20.5169,-13.0499,94.71,33,100,11.01
142,Kattivakkam,IN,2021-09-11 02:18:26,13.2167,80.3167,84.29,64,100,14.07
143,Ola,RU,2021-09-11 02:18:26,59.5833,151.2833,49.53,37,41,11.07
144,Cayenne,GF,2021-09-11 02:17:26,4.9333,-52.3333,81.09,83,0,1.99
145,Kachiry,KZ,2021-09-11 02:18:27,53.0675,76.1036,51.35,79,91,9.89
146,Sinnamary,GF,2021-09-11 02:18:27,5.3833,-52.95,79.27,86,89,10.33
147,Bambous Virieux,MU,2021-09-11 02:18:28,-20.3428,57.7575,70.05,83,40,9.22
148,Port Lincoln,AU,2021-09-11 02:18:29,-34.7333,135.8667,62.42,64,51,18.03
149,Lima,PE,2021-09-11 02:13:50,-12.0432,-77.0282,58.14,82,90,5.75
150,Saint-Francois,FR,2021-09-11 02:18:30,46.4154,3.9054,62.04,94,90,3.44
151,Ponta Do Sol,PT,2021-09-11 02:18:31,32.6667,-17.1,74.03,77,28,2.26
152,Tongchuan,CN,2021-09-11 02:18:31,35.0806,109.0897,77.9,62,0,5.57
153,Otjiwarongo,NA,2021-09-11 02:18:32,-20.4637,16.6477,67.06,31,5,18.16
154,Nishihara,JP,2021-09-11 02:18:32,26.1842,127.7558,88.88,80,75,16.11
155,Salamanca,ES,2021-09-11 02:18:33,40.8333,-6.0,52.99,75,92,2.73
156,Severo-Kurilsk,RU,2021-09-11 02:18:33,50.6789,156.125,49.5,58,62,18.7
157,Santarem,BR,2021-09-11 02:18:34,-2.4431,-54.7083,77.13,94,0,4.61
158,Leningradskiy,RU,2021-09-11 02:18:34,69.3833,178.4167,29.71,88,100,9.89
159,Fortuna,US,2021-09-11 02:18:35,40.5982,-124.1573,73.18,71,90,1.01
160,Khasan,RU,2021-09-11 02:18:35,42.4308,130.6434,71.53,63,75,6.04
161,Cabedelo,BR,2021-09-11 02:17:33,-6.9811,-34.8339,74.07,75,25,12.88
162,Guerrero Negro,MX,2021-09-11 02:18:35,27.9769,-114.0611,74.86,82,83,10.96
163,Solton,RU,2021-09-11 02:18:36,52.8429,86.4787,56.77,48,100,11.56
164,Piacabucu,BR,2021-09-11 02:17:55,-10.4056,-36.4344,74.53,74,35,8.21
165,Tazovskiy,RU,2021-09-11 02:18:37,67.4667,78.7,41.16,96,100,8.32
166,Port Macquarie,AU,2021-09-11 02:18:37,-31.4333,152.9167,78.76,41,0,10.74
167,Lompoc,US,2021-09-11 02:17:19,34.6391,-120.4579,73.11,86,90,6.91
168,Bari,IT,2021-09-11 02:18:38,41.1177,16.8512,68.88,74,0,1.99
169,Souillac,MU,2021-09-11 02:18:38,-20.5167,57.5167,70.18,83,40,9.22
170,Katobu,ID,2021-09-11 02:18:39,-4.9408,122.5276,79.45,89,100,6.96
171,Vanimo,PG,2021-09-11 02:18:40,-2.6741,141.3028,86.22,64,12,8.5
172,Muros,ES,2021-09-11 02:18:40,42.7762,-9.0603,64.24,96,13,5.86
173,Hambantota,LK,2021-09-11 02:18:41,6.1241,81.1185,81.28,77,99,17.52
174,Mount Gambier,AU,2021-09-11 02:18:41,-37.8333,140.7667,57.11,72,40,17.27
175,Zvishavane,ZW,2021-09-11 02:18:42,-20.3267,30.0665,52.21,69,0,3.38
176,Kutum,SD,2021-09-11 02:18:43,14.2,24.6667,75.52,69,68,10.02
177,Hofn,IS,2021-09-11 02:18:43,64.2539,-15.2082,51.57,69,100,8.7
178,Derzhavinsk,KZ,2021-09-11 02:18:44,51.1,66.3167,52.39,88,100,12.53
179,Dunedin,NZ,2021-09-11 02:18:45,-45.8742,170.5036,53.8,61,99,5.99
180,Vila Franca Do Campo,PT,2021-09-11 02:18:45,37.7167,-25.4333,70.21,85,49,8.25
181,Ahuimanu,US,2021-09-11 02:18:46,21.4447,-157.8378,85.71,62,75,12.66
182,Dossor,KZ,2021-09-11 02:18:46,47.5272,52.9811,61.66,40,0,13.51
183,Paramonga,PE,2021-09-11 02:18:47,-10.6667,-77.8333,62.11,88,63,5.88
184,Meybod,IR,2021-09-11 02:18:48,32.2501,54.0166,71.62,21,0,1.52
185,Kudahuvadhoo,MV,2021-09-11 02:18:48,2.6708,72.8944,83.1,69,96,7.7
186,Walsrode,DE,2021-09-11 02:18:49,52.8667,9.6,65.14,98,99,4.76
187,Flinders,AU,2021-09-11 02:18:49,-34.5833,150.8552,83.48,39,0,5.99
188,Muravlenko,RU,2021-09-11 02:18:50,63.7898,74.523,46.72,86,100,8.01
189,Puerto Ayora,EC,2021-09-11 02:18:51,-0.7393,-90.3518,69.55,90,12,5.01
190,Tiksi,RU,2021-09-11 02:18:51,71.6872,128.8694,53.01,63,55,10.11
191,Namibe,AO,2021-09-11 02:18:52,-15.1961,12.1522,66.13,74,52,5.86
192,Mount Isa,AU,2021-09-11 02:18:52,-20.7333,139.5,85.77,23,0,8.05
193,Zhangjiakou,CN,2021-09-11 02:18:53,40.81,114.8794,72.61,48,0,0.76
194,Atambua,ID,2021-09-11 02:18:53,-9.1061,124.8925,84.78,47,80,2.39
195,Kongolo,CD,2021-09-11 02:18:53,-5.3833,27.0,76.35,36,59,3.8
196,Kumluca,TR,2021-09-11 02:18:54,36.3703,30.2869,76.08,56,0,4.18
197,Banda Aceh,ID,2021-09-11 02:18:54,5.5577,95.3222,83.03,65,100,7.05
198,Mana,GF,2021-09-11 02:18:55,5.6592,-53.7767,78.98,89,70,9.91
199,Ansbach,DE,2021-09-11 02:18:55,49.3,10.5833,63.28,96,100,5.1
200,Hokitika,NZ,2021-09-11 02:18:56,-42.7167,170.9667,52.63,67,94,15.19
201,Tirumullaivasal,IN,2021-09-11 02:18:56,11.2333,79.8333,82.38,65,100,13.56
202,Bilma,NE,2021-09-11 02:18:57,18.6853,12.9164,90.73,22,17,3.56
203,Uribia,CO,2021-09-11 02:18:57,11.7139,-72.266,84.51,68,100,23.2
204,Los Zacatones,MX,2021-09-11 02:18:58,22.95,-102.05,69.35,29,8,16.35
205,Iquitos,PE,2021-09-11 02:14:46,-3.7481,-73.2472,75.24,88,0,2.3
206,Paramo,ES,2021-09-11 02:18:58,43.1007,-6.0423,56.14,84,24,4.25
207,Nsanje,MW,2021-09-11 02:18:59,-16.92,35.262,68.79,62,100,5.14
208,Laizhou,CN,2021-09-11 02:19:00,37.1717,119.9214,81.19,70,0,9.4
209,Hurghada,EG,2021-09-11 02:19:00,27.2574,33.8129,80.64,44,0,13.8
210,Sao Jose Da Coroa Grande,BR,2021-09-11 02:19:01,-8.8978,-35.1478,75.97,69,96,9.51
211,Cody,US,2021-09-11 02:18:31,44.5263,-109.0565,77.63,33,1,3.44
212,Sao Gabriel Da Cachoeira,BR,2021-09-11 02:19:02,-0.1303,-67.0892,72.59,99,100,1.92
213,Tommot,RU,2021-09-11 02:19:02,58.9564,126.2925,57.27,54,0,4.45
214,Mehamn,NO,2021-09-11 02:19:03,71.0357,27.8492,43.02,74,100,15.55
215,Kindu,CD,2021-09-11 02:19:03,-2.95,25.95,72.72,81,100,1.9
216,Ambilobe,MG,2021-09-11 02:19:04,-13.2,49.05,70.23,65,90,4.41
217,Dekar,BW,2021-09-11 02:19:05,-21.5333,21.9333,59.04,49,0,12.46
218,Mogadishu,SO,2021-09-11 02:19:05,2.0371,45.3438,77.09,82,87,19.26
219,Cocobeach,GA,2021-09-11 02:19:05,1.0002,9.5823,78.73,88,62,7.54
220,Kunming,CN,2021-09-11 02:19:06,25.0389,102.7183,67.93,68,0,8.95
221,Mokhsogollokh,RU,2021-09-11 02:19:07,61.4681,128.9203,58.12,32,7,3.62
222,Padang,ID,2021-09-11 02:19:07,-0.9492,100.3543,84.25,75,100,1.63
223,Concordia,AR,2021-09-11 02:16:45,-31.393,-58.0209,53.82,83,82,3.33
224,Svetlaya,RU,2021-09-11 02:19:08,46.5389,138.3297,66.97,83,77,4.65
225,Khatanga,RU,2021-09-11 02:19:09,71.9667,102.5,54.16,55,20,17.05
226,Takoradi,GH,2021-09-11 02:19:09,4.8845,-1.7554,75.7,90,100,7.18
227,Hobart,AU,2021-09-11 02:19:10,-42.8794,147.3294,66.25,55,40,7.0
228,Wanning,CN,2021-09-11 02:19:10,18.8003,110.3967,84.67,78,52,10.31
229,Floro,NO,2021-09-11 02:19:11,61.5996,5.0328,57.16,100,100,1.14
230,Phalodi,IN,2021-09-11 02:19:11,27.1333,72.3667,85.68,65,96,10.29
231,Thompson,CA,2021-09-11 02:19:12,55.7435,-97.8558,50.16,71,90,16.11
232,Aksu,CN,2021-09-11 02:19:13,41.1231,80.2644,73.78,29,98,1.34
233,Amapa,BR,2021-09-11 02:19:13,1.0,-52.0,75.34,79,31,4.99
234,Coquimbo,CL,2021-09-11 02:16:15,-29.9533,-71.3436,55.13,82,90,4.61
235,Palestine,PS,2021-09-11 02:19:14,31.9216,35.2033,67.42,88,25,13.94
236,Kemi,FI,2021-09-11 02:19:14,65.8596,24.8228,40.77,100,90,2.3
237,Sembe,CG,2021-09-11 02:19:15,1.6481,14.5806,71.02,98,100,1.19
238,Presidencia Roque Saenz Pena,AR,2021-09-11 02:19:15,-26.7852,-60.4388,57.52,58,0,5.99
239,Vao,NC,2021-09-11 02:19:16,-22.6667,167.4833,67.23,65,100,13.51
240,Ugoofaaru,MV,2021-09-11 02:19:17,5.6667,73.0,82.31,70,94,10.42
241,Voh,NC,2021-09-11 02:19:17,-20.9667,164.7,78.06,46,5,8.77
242,Airai,TL,2021-09-11 02:19:18,-8.9266,125.4092,75.69,42,99,3.49
243,Balakhninskiy,RU,2021-09-11 02:19:18,58.0106,114.2769,52.43,94,100,2.06
244,Pangnirtung,CA,2021-09-11 02:19:19,66.1451,-65.7125,36.1,70,100,4.23
245,Lac Du Bonnet,CA,2021-09-11 02:19:20,50.2536,-96.0612,60.42,90,80,8.95
246,Beringovskiy,RU,2021-09-11 02:19:20,63.05,179.3167,41.23,86,100,7.14
247,Eyl,SO,2021-09-11 02:19:21,7.9803,49.8164,78.62,59,100,22.48
248,Hvolsvollur,IS,2021-09-11 02:19:21,63.7533,-20.2243,47.8,94,100,5.55
249,Desaguadero,PE,2021-09-11 02:19:22,-16.5656,-69.0417,46.67,66,4,4.36
250,Benjamin Constant,BR,2021-09-11 02:19:23,-4.3831,-70.0311,75.33,98,49,1.9
251,Levelland,US,2021-09-11 02:19:23,33.5873,-102.378,85.05,31,0,10.18
252,Farafangana,MG,2021-09-11 02:19:24,-22.8167,47.8333,66.34,66,80,11.54
253,San Rafael,AR,2021-09-11 02:19:24,-34.6177,-68.3301,59.18,40,70,10.42
254,Semey,KZ,2021-09-11 02:19:25,50.4111,80.2275,62.82,42,40,11.18
255,Rundu,NA,2021-09-11 02:19:25,-17.9333,19.7667,67.55,33,6,10.4
256,Nizwa,OM,2021-09-11 02:19:26,22.9333,57.5333,90.21,38,100,2.57
257,Saskylakh,RU,2021-09-11 02:19:27,71.9167,114.0833,57.49,64,100,7.4
258,Chuy,UY,2021-09-11 02:19:27,-33.6971,-53.4616,53.85,95,68,7.92
259,Port Elizabeth,ZA,2021-09-11 02:19:28,-33.918,25.5701,53.89,87,0,4.61
260,Barra Da Estiva,BR,2021-09-11 02:19:28,-13.6261,-41.3269,65.41,55,1,5.12
261,Pital,CO,2021-09-11 02:19:29,2.2665,-75.8044,69.04,82,73,5.53
262,Hilo,US,2021-09-11 02:18:46,19.7297,-155.09,81.28,73,1,9.22
263,Sechura,PE,2021-09-11 02:19:30,-5.5569,-80.8222,65.68,81,19,12.28
264,Devgarh,IN,2021-09-11 02:19:30,25.5333,73.9,71.82,94,98,8.48
265,Petropavlovsk-Kamchatskiy,RU,2021-09-11 02:19:31,53.0452,158.6483,52.39,37,40,8.95
266,Curitibanos,BR,2021-09-11 02:19:31,-27.2828,-50.5844,44.91,97,0,0.89
267,Erice,IT,2021-09-11 02:19:32,38.037,12.5865,66.67,83,55,8.32
268,Harper,LR,2021-09-11 02:19:32,4.375,-7.7169,76.73,85,100,3.87
269,Probistip,MK,2021-09-11 02:19:31,42.0031,22.1786,57.24,57,5,3.22
270,Provideniya,RU,2021-09-11 02:19:33,64.3833,-173.3,41.7,97,100,8.66
271,Hovd,MN,2021-09-11 02:19:34,48.0056,91.6419,56.5,36,6,2.26
272,Bara,NG,2021-09-11 02:19:34,10.3744,10.7288,72.43,94,100,3.18
273,Storforshei,NO,2021-09-11 02:19:35,66.4043,14.5233,38.66,76,12,4.36
274,Kiruna,SE,2021-09-11 02:19:35,67.8557,20.2251,27.52,100,98,3.44
275,Tangjiazhuang,CN,2021-09-11 02:19:36,39.7333,118.45,79.27,78,21,4.21
276,Santo Antonio Do Ica,BR,2021-09-11 02:19:36,-3.1022,-67.9397,72.9,98,93,4.7
277,Margate,GB,2021-09-11 02:19:37,51.3813,1.3862,64.26,97,32,12.46
278,Orlandia,BR,2021-09-11 02:19:37,-20.7203,-47.8867,71.74,62,99,4.07
279,Buala,SB,2021-09-11 02:19:38,-8.145,159.5921,84.63,70,60,9.84
280,Mujiayingzi,CN,2021-09-11 02:19:39,42.1167,118.7833,68.52,53,0,3.47
281,Cockburn Town,TC,2021-09-11 02:19:10,21.4612,-71.1419,83.7,74,100,16.93
282,Zyryanka,RU,2021-09-11 02:19:39,65.75,150.85,41.02,50,86,4.65
283,Wasilla,US,2021-09-11 02:19:40,61.5814,-149.4394,55.02,87,90,0.0
284,Nantucket,US,2021-09-11 02:16:44,41.2835,-70.0995,66.96,71,0,20.69
285,Jichisu De Jos,RO,2021-09-11 02:19:40,47.1167,23.8,51.58,64,64,1.54
286,Isla Mujeres,MX,2021-09-11 02:19:40,21.2311,-86.731,80.65,88,100,12.77
287,Praia Da Vitoria,PT,2021-09-11 02:19:41,38.7333,-27.0667,68.76,88,20,15.79
288,Janakpur,NP,2021-09-11 02:19:42,26.7183,85.9065,83.28,75,100,11.3
289,Lixourion,GR,2021-09-11 02:19:42,38.2019,20.4314,70.93,68,45,4.72
290,Algiers,DZ,2021-09-11 02:19:34,36.7525,3.042,69.62,83,20,2.3
291,Umm Kaddadah,SD,2021-09-11 02:19:43,13.6017,26.6876,82.17,62,23,11.23
292,Tigil,RU,2021-09-11 02:19:44,57.8,158.6667,45.79,54,98,14.76
293,Arica,CL,2021-09-11 02:16:28,-18.475,-70.3042,57.43,88,90,3.44
294,Tshikapa,CD,2021-09-11 02:19:44,-6.4167,20.8,73.22,60,78,0.67
295,Minab,IR,2021-09-11 02:19:44,27.1467,57.0801,85.5,43,0,2.68
296,Gorontalo,ID,2021-09-11 02:19:45,0.5412,123.0595,76.62,95,100,2.33
297,Xining,CN,2021-09-11 02:19:45,36.6167,101.7667,64.09,41,6,2.06
298,Husavik,IS,2021-09-11 02:19:46,66.0449,-17.3389,44.51,85,100,5.66
299,Srivilliputtur,IN,2021-09-11 02:19:46,9.5081,77.6336,84.04,59,97,5.26
300,Sao Filipe,CV,2021-09-11 02:19:47,14.8961,-24.4956,78.46,79,94,3.8
301,Kollegal,IN,2021-09-11 02:19:47,12.15,77.1167,69.19,81,100,5.64
302,Zakharovo,RU,2021-09-11 02:19:48,54.366,39.2792,49.21,89,99,4.81
303,Chokurdakh,RU,2021-09-11 02:19:49,70.6333,147.9167,39.85,59,100,10.63
304,General Roca,AR,2021-09-11 02:19:49,-39.0333,-67.5833,66.6,33,100,22.32
305,Iqaluit,CA,2021-09-11 02:19:50,63.7506,-68.5145,33.53,93,90,3.44
306,Fort Saint James,CA,2021-09-11 02:19:50,54.4333,-124.25,59.22,77,100,2.13
307,Neuquen,AR,2021-09-11 02:14:59,-38.9516,-68.0591,65.86,29,100,19.64
308,San Andres,CO,2021-09-11 02:19:06,12.5847,-81.7006,82.42,83,40,12.66
309,Alice Springs,AU,2021-09-11 02:16:55,-23.7,133.8833,83.75,10,2,6.91
310,Zambezi,ZM,2021-09-11 02:19:51,-13.5432,23.1047,66.07,42,5,8.14
311,Isangel,VU,2021-09-11 02:19:52,-19.55,169.2667,77.11,57,75,17.27
312,Ribeira Grande,PT,2021-09-11 02:19:52,38.5167,-28.7,70.56,75,52,21.21
313,Aripuana,BR,2021-09-11 02:19:53,-9.1667,-60.6333,74.44,84,86,1.07
314,Sierra Vista,US,2021-09-11 02:16:05,31.5545,-110.3037,82.2,37,1,9.22
315,Paamiut,GL,2021-09-11 02:19:54,61.994,-49.6678,45.43,82,100,4.18
316,Mulanje,MW,2021-09-11 02:19:54,-16.0316,35.5,58.75,84,15,6.51
317,Kalmunai,LK,2021-09-11 02:19:54,7.4167,81.8167,80.37,75,100,6.26
318,Novoagansk,RU,2021-09-11 02:19:54,61.9449,76.6625,46.22,91,100,9.1
319,Poltavka,RU,2021-09-11 02:19:55,54.3663,71.7632,47.97,80,94,8.3
320,Abu Kamal,SY,2021-09-11 02:19:55,34.4506,40.9171,76.6,50,0,12.15
321,Phan Thiet,VN,2021-09-11 02:19:56,10.9333,108.1,80.65,81,99,15.82
322,Mayo,US,2021-09-11 02:19:57,38.8876,-76.5119,66.94,80,1,0.0
323,Codrington,AU,2021-09-11 02:19:57,-38.2667,141.9667,58.82,81,94,16.24
324,Eureka,US,2021-09-11 02:19:58,40.8021,-124.1637,65.68,76,36,7.54
325,Ahipara,NZ,2021-09-11 02:19:59,-35.1667,173.1667,58.78,59,74,13.2
326,Montepuez,MZ,2021-09-11 02:19:59,-13.1256,38.9997,64.15,67,2,7.65
327,Huntington,US,2021-09-11 02:16:14,38.4193,-82.4452,63.77,91,1,0.0
328,Ngara,TZ,2021-09-11 02:20:00,-2.5122,30.6558,61.66,51,84,6.15
329,Venado Tuerto,AR,2021-09-11 02:20:00,-33.7456,-61.9688,49.77,88,1,7.67
330,Boguchany,RU,2021-09-11 02:20:01,58.3814,97.4531,51.33,64,35,4.18
331,Bandarbeyla,SO,2021-09-11 02:20:02,9.4942,50.8122,79.66,63,100,23.82
332,Holguin,CU,2021-09-11 02:20:03,20.8872,-76.2631,80.1,54,1,8.05
333,Faanui,PF,2021-09-11 02:20:04,-16.4833,-151.75,77.34,64,19,9.91
334,Kisangani,CD,2021-09-11 02:20:04,0.5167,25.2,67.84,99,40,0.54
335,Buta,CD,2021-09-11 02:20:05,2.7858,24.73,66.87,95,11,1.36
336,Vestmanna,FO,2021-09-11 02:20:05,62.1564,-7.1664,47.32,87,90,4.61
337,Kumbo,CM,2021-09-11 02:20:06,6.2,10.6667,58.82,93,100,3.8
338,Martapura,ID,2021-09-11 02:20:06,-3.4167,114.85,80.69,89,75,5.75
339,Sibolga,ID,2021-09-11 02:20:07,1.7427,98.7792,83.57,65,86,1.05
340,Kirakira,SB,2021-09-11 02:20:07,-10.4544,161.9205,82.76,76,21,12.55
341,Alofi,NU,2021-09-11 02:15:15,-19.0595,-169.9187,77.14,80,100,14.07
342,Andenes,NO,2021-09-11 02:20:08,69.3143,16.1194,40.46,75,20,2.3
343,Kavieng,PG,2021-09-11 02:20:08,-2.5744,150.7967,85.01,69,90,14.54
344,Constantine,DZ,2021-09-11 02:20:09,36.365,6.6147,65.61,72,0,2.3
345,Launceston,AU,2021-09-11 02:20:09,-41.45,147.1667,62.24,68,75,8.01
346,Progreso,MX,2021-09-11 02:20:09,21.2833,-89.6667,76.1,93,100,10.22
347,Grand Gaube,MU,2021-09-11 02:20:10,-20.0064,57.6608,70.2,76,3,15.79
348,Sarakhs,IR,2021-09-11 02:20:10,36.5449,61.1577,59.14,38,0,0.0
349,Seoul,KR,2021-09-11 02:17:41,37.5683,126.9778,78.37,61,20,8.05
350,Labrea,BR,2021-09-11 02:20:11,-7.2586,-64.7981,78.06,73,58,2.21
351,Ostrovnoy,RU,2021-09-11 02:20:11,68.0531,39.5131,38.73,91,32,18.57
352,Hualmay,PE,2021-09-11 02:20:11,-11.0964,-77.6139,61.79,87,48,6.33
353,Yangambi,CD,2021-09-11 02:20:12,0.8102,24.4336,66.87,98,15,1.74
354,Itoman,JP,2021-09-11 02:20:12,26.1247,127.6694,89.62,76,75,16.11
355,Tautira,PF,2021-09-11 02:20:13,-17.7333,-149.15,80.62,71,47,10.27
356,Ayan,RU,2021-09-11 02:20:13,56.45,138.1667,56.32,63,16,7.92
357,Henties Bay,NA,2021-09-11 02:20:13,-22.116,14.2845,54.86,75,3,6.53
358,Gat,IL,2021-09-11 02:20:14,31.61,34.7642,75.88,58,69,8.93
359,Kuching,MY,2021-09-11 02:20:14,1.55,110.3333,82.62,78,20,4.61
360,Suez,EG,2021-09-11 02:20:14,29.9737,32.5263,71.26,78,0,8.16
361,Bengkulu,ID,2021-09-11 02:20:15,-3.8004,102.2655,80.47,75,95,5.95
362,Reconquista,AR,2021-09-11 02:20:12,-29.15,-59.65,55.94,70,7,6.62
363,Acari,PE,2021-09-11 02:20:15,-15.4311,-74.6158,66.13,75,60,2.57
364,Verkhoyansk,RU,2021-09-11 02:20:16,67.5447,133.385,54.23,35,39,2.24
365,Kifri,IQ,2021-09-11 02:20:16,34.6959,44.9661,82.18,22,0,10.92
366,Muli,MV,2021-09-11 02:20:17,2.9167,73.5667,82.85,69,100,7.52
367,Tavistock,GB,2021-09-11 02:20:17,50.5494,-4.1442,60.3,93,24,5.03
368,Najran,SA,2021-09-11 02:20:18,17.4924,44.1277,74.05,19,89,3.62
369,Togur,RU,2021-09-11 02:20:18,58.3631,82.8265,46.63,96,100,14.0
370,Byron Bay,AU,2021-09-11 02:20:18,-28.65,153.6167,80.71,42,0,9.33
371,Jacqueville,CI,2021-09-11 02:20:19,5.2052,-4.4146,76.91,89,62,7.2
372,Catuday,PH,2021-09-11 02:20:19,16.2923,119.8062,78.51,90,100,17.9
373,Ileza,RU,2021-09-11 02:20:20,61.0533,43.9002,34.38,96,64,4.94
374,Praia,CV,2021-09-11 02:15:24,14.9215,-23.5087,77.54,83,40,4.61
375,Nushki,PK,2021-09-11 02:20:20,29.5542,66.0215,73.51,20,0,2.44
376,Verkhnyaya Inta,RU,2021-09-11 02:20:21,65.9811,60.3094,33.49,97,68,8.16
377,Pekan Nenas,MY,2021-09-11 02:20:21,1.51,103.5141,86.18,67,100,4.74
378,Caravelas,BR,2021-09-11 02:20:22,-17.7125,-39.2481,73.81,86,6,7.58
379,Geraldton,AU,2021-09-11 02:20:22,-28.7667,114.6,63.01,63,40,12.66
380,Miyako,JP,2021-09-11 02:20:22,39.6367,141.9525,73.69,74,56,7.47
381,Romanshorn,CH,2021-09-11 02:20:23,47.5659,9.3787,63.34,99,75,1.14
382,Pochutla,MX,2021-09-11 02:20:23,15.7432,-96.4661,80.82,92,98,4.05
383,Kindia,GN,2021-09-11 02:20:24,10.0569,-12.8658,66.25,98,99,1.68
384,Emerald,AU,2021-09-11 02:20:24,-23.5333,148.1667,79.11,23,0,13.62
385,Dahra,DZ,2021-09-11 02:20:25,36.2546,0.8519,65.59,65,3,1.39
386,Salisbury,GB,2021-09-11 02:20:25,51.0693,-1.7957,64.29,91,75,9.22
387,Waitati,NZ,2021-09-11 02:20:25,-45.75,170.5667,53.8,61,90,8.97
388,Kamaishi,JP,2021-09-11 02:20:26,39.2667,141.8833,79.75,72,55,4.92
389,General Pico,AR,2021-09-11 02:20:26,-35.6566,-63.7568,50.88,89,50,10.54
390,Bonthe,SL,2021-09-11 02:20:26,7.5264,-12.505,76.06,90,100,6.24
391,Kyshtovka,RU,2021-09-11 02:20:27,56.555,76.6271,46.6,91,100,13.04
392,Antalaha,MG,2021-09-11 02:20:27,-14.9003,50.2788,66.85,87,35,8.68
393,Burnie,AU,2021-09-11 02:20:28,-41.0667,145.9167,55.9,85,88,17.09
394,Sabang,ID,2021-09-11 02:20:28,5.8933,95.3214,81.93,72,100,12.33
395,Melchor De Mencos,GT,2021-09-11 02:20:28,17.0686,-89.1522,77.0,94,90,3.44
396,Basco,PH,2021-09-11 02:20:29,20.4487,121.9702,80.73,94,100,42.73
397,Vitim,RU,2021-09-11 02:20:29,59.4511,112.5578,57.78,68,100,1.61
398,Virginia Beach,US,2021-09-11 02:17:28,36.8529,-75.978,69.87,76,40,0.0
399,Abu Zabad,SD,2021-09-11 02:20:30,12.35,29.25,73.76,81,9,5.46
400,Pimenta Bueno,BR,2021-09-11 02:20:31,-11.6725,-61.1936,77.22,70,40,3.62
401,Tianpeng,CN,2021-09-11 02:20:31,30.9866,103.9393,72.07,72,100,2.17
402,Masvingo,ZW,2021-09-11 02:20:31,-20.0637,30.8277,50.32,81,0,4.83
403,Lavrentiya,RU,2021-09-11 02:20:32,65.5833,-171.0,43.84,94,100,7.43
404,Muisne,EC,2021-09-11 02:20:32,0.6,-80.0333,74.57,87,96,8.34
405,Monrovia,LR,2021-09-11 02:18:19,6.3005,-10.7969,75.45,89,100,4.07
406,Port-Cartier,CA,2021-09-11 02:20:33,50.0334,-66.8654,57.42,80,93,11.43
407,Shingu,JP,2021-09-11 02:20:34,33.7333,135.9833,85.19,72,15,5.68
408,Iquique,CL,2021-09-11 02:16:04,-20.2208,-70.1431,59.04,73,60,0.47
409,Ancud,CL,2021-09-11 02:20:34,-41.8697,-73.8203,49.53,96,100,11.68
410,Comodoro Rivadavia,AR,2021-09-11 02:20:35,-45.8667,-67.5,62.46,42,0,9.22
411,Pringsewu,ID,2021-09-11 02:20:35,-5.3582,104.9744,83.57,67,100,5.77
412,Santa Cruz,BO,2021-09-11 02:20:35,-17.8,-63.1667,69.26,60,40,6.91
413,Ler,SS,2021-09-11 02:20:36,8.3018,30.1418,69.96,95,14,3.24
414,Okhotsk,RU,2021-09-11 02:20:36,59.3833,143.3,56.8,49,8,6.91
415,Turbat,PK,2021-09-11 02:20:37,26.0023,63.044,84.76,47,8,3.69
416,San Policarpo,PH,2021-09-11 02:20:37,12.1791,125.5072,84.72,69,100,9.31
417,Saint-Joseph,RE,2021-09-11 02:20:38,-21.3667,55.6167,64.76,79,5,10.11
418,Havelock,US,2021-09-11 02:20:38,34.8791,-76.9013,71.94,80,1,8.05
419,Santiago,CL,2021-09-11 02:18:18,-33.4569,-70.6483,52.75,76,0,8.05
420,Kysyl-Syr,RU,2021-09-11 02:20:38,63.8986,122.7617,58.55,45,13,6.11
421,Northam,GB,2021-09-11 02:20:39,51.0333,-4.2167,62.29,93,93,11.01
422,Neiafu,TO,2021-09-11 02:20:39,-18.65,-173.9833,77.68,88,90,4.61
423,Port Hardy,CA,2021-09-11 02:18:14,50.6996,-127.4199,57.38,94,90,2.3
424,Santa Maria,BR,2021-09-11 02:20:40,-29.6842,-53.8069,58.3,77,75,3.44
425,Pemangkat,ID,2021-09-11 02:20:40,1.1667,108.9667,81.25,81,100,6.42
426,Samarinda,ID,2021-09-11 02:20:41,-0.5,117.15,86.95,64,61,3.27
427,Acapulco,MX,2021-09-11 02:19:17,16.8634,-99.8901,76.82,83,90,13.8
428,La Serena,CL,2021-09-11 02:15:58,-29.9078,-71.2542,54.91,82,90,4.61
429,Khipro,PK,2021-09-11 02:20:41,25.8285,69.3772,86.5,66,78,2.66
430,Maun,BW,2021-09-11 02:20:42,-19.9833,23.4167,62.69,46,0,12.68
431,Panguna,PG,2021-09-11 02:20:42,-6.3164,155.4848,83.48,54,42,4.14
432,Aljezur,PT,2021-09-11 02:20:43,37.3191,-8.8033,66.85,91,100,4.79
433,Bonfim,BR,2021-09-11 02:20:43,3.0833,-59.95,79.34,70,44,5.12
434,Shitanjing,CN,2021-09-11 02:20:44,39.2342,106.3439,76.64,25,0,7.83
435,Omsukchan,RU,2021-09-11 02:20:44,62.5333,155.8,30.74,71,100,15.77
436,Jacareacanga,BR,2021-09-11 02:20:44,-6.2222,-57.7528,76.28,75,22,1.01
437,Pachino,IT,2021-09-11 02:20:45,36.7186,15.0907,77.04,80,88,10.69
438,Sao Joao Da Barra,BR,2021-09-11 02:20:45,-21.6403,-41.0511,73.45,88,100,10.22
439,Tucuman,AR,2021-09-11 02:20:46,-26.8241,-65.2226,59.0,58,0,6.91
440,Jinchang,CN,2021-09-11 02:20:46,38.4953,102.1739,72.48,21,0,3.69
441,Port Moresby,PG,2021-09-11 02:20:47,-9.4431,147.1797,87.22,62,75,11.5
442,Yerbogachen,RU,2021-09-11 02:20:47,61.2767,108.0108,50.4,66,100,5.66
443,Bandar,ID,2021-09-11 02:20:47,2.05,99.75,83.03,65,100,0.85
444,Yarensk,RU,2021-09-11 02:20:48,62.1675,49.0916,33.24,97,20,4.99
445,Mariahu,IN,2021-09-11 02:20:48,25.6167,82.6167,84.16,77,54,7.0
446,Broome,US,2021-09-11 02:20:49,42.2506,-75.833,58.53,78,26,0.83
447,Smidovich,RU,2021-09-11 02:20:49,48.6,133.8167,66.04,68,95,4.18
448,Belle Fourche,US,2021-09-11 02:20:49,44.6714,-103.8522,84.85,18,60,6.71
449,Kieta,PG,2021-09-11 02:20:50,-6.2167,155.6333,86.27,65,47,8.28
450,Uporovo,RU,2021-09-11 02:20:50,56.3109,66.2693,40.44,77,81,12.91
451,Ormara,PK,2021-09-11 02:20:51,25.2088,64.6357,78.62,92,69,11.95
452,Turukhansk,RU,2021-09-11 02:20:51,65.8167,87.9833,42.13,89,94,19.37
453,Balsas,BR,2021-09-11 02:20:51,-7.5325,-46.0356,83.39,39,50,4.43
454,Gomel,BY,2021-09-11 02:20:52,52.4345,30.9754,53.58,94,28,2.24
455,Esperance,AU,2021-09-11 02:20:52,-33.8667,121.9,55.74,66,100,17.63
456,Severo-Yeniseyskiy,RU,2021-09-11 02:20:53,60.3725,93.0408,44.62,66,67,6.2
457,Youghal,IE,2021-09-11 02:20:53,51.95,-7.8506,56.68,100,99,8.1
458,Amuntai,ID,2021-09-11 02:20:53,-2.4177,115.2494,86.05,68,80,2.55
459,Barra Do Garcas,BR,2021-09-11 02:17:44,-15.89,-52.2567,82.85,30,9,2.77
460,Praya,CV,2021-09-11 02:20:54,14.9215,-23.5087,77.54,83,40,4.61
461,Grand-Santi,GF,2021-09-11 02:20:55,4.25,-54.3833,73.8,95,40,3.04
462,Nome,US,2021-09-11 02:20:55,64.5011,-165.4064,46.47,77,90,24.16
463,Ardino,BG,2021-09-11 02:20:55,41.5833,25.1333,50.43,57,7,4.03
464,Bambanglipuro,ID,2021-09-11 02:20:56,-7.95,110.2833,82.04,71,78,10.8
465,Taoudenni,ML,2021-09-11 02:20:56,22.6783,-3.9836,94.53,16,0,5.26
466,Kahului,US,2021-09-11 02:17:21,20.8947,-156.47,84.22,59,40,16.11
467,Port Blair,IN,2021-09-11 02:20:57,11.6667,92.75,82.44,83,40,17.27
468,Keetmanshoop,NA,2021-09-11 02:20:57,-26.5833,18.1333,76.12,31,0,12.66
469,Valparaiso,CL,2021-09-11 02:20:57,-33.0393,-71.6273,54.52,82,90,6.91
470,Tutoia,BR,2021-09-11 02:20:58,-2.7619,-42.2744,78.82,83,61,10.31
471,Rafai,CF,2021-09-11 02:20:58,4.95,23.9167,65.39,99,14,1.5
472,Waingapu,ID,2021-09-11 02:20:59,-9.6567,120.2641,85.19,55,65,14.14
473,Hami,CN,2021-09-11 02:20:59,42.8,93.45,76.64,28,93,7.14
474,Bani,DO,2021-09-11 02:21:00,18.2833,-70.3333,78.13,82,15,7.72
475,Labuhan,ID,2021-09-11 02:21:00,-6.8844,112.2051,86.18,59,45,5.3
476,Subtanjalla,PE,2021-09-11 02:21:00,-14.0189,-75.7581,55.94,78,26,4.32
477,Bollnas,SE,2021-09-11 02:21:01,61.3482,16.3946,56.39,98,100,2.04
478,Bukama,CD,2021-09-11 02:21:01,-9.2,25.85,75.07,32,5,4.14
479,Ust-Kalmanka,RU,2021-09-11 02:21:02,52.1207,83.305,59.09,40,100,22.39
480,Ekibastuz,KZ,2021-09-11 02:21:02,51.6667,75.3667,53.92,77,100,17.98
481,Xinzhou,CN,2021-09-11 02:21:02,38.4092,112.7333,77.32,52,0,1.03
482,Sinjar,IQ,2021-09-11 02:21:03,36.3209,41.8754,73.85,47,0,10.92
483,Kaeo,NZ,2021-09-11 02:21:03,-35.1,173.7833,63.32,55,53,10.83
484,Ndele,CF,2021-09-11 02:21:04,8.4109,20.6473,67.93,97,69,1.81
485,Klyuchevskiy,RU,2021-09-11 02:21:04,53.5317,119.4519,50.22,91,100,4.68
486,Wuwei,CN,2021-09-11 02:21:04,37.9281,102.6414,75.74,23,0,3.36
487,Skjervoy,NO,2021-09-11 02:21:05,70.0311,20.9714,46.71,73,36,10.85
488,Nemuro,JP,2021-09-11 02:21:05,43.3236,145.575,63.03,81,95,6.89
489,Bezhta,RU,2021-09-11 02:21:06,42.1338,46.1283,48.31,78,0,2.42
490,Ust-Nera,RU,2021-09-11 02:21:06,64.5667,143.2,48.27,41,12,4.65
491,Belaya Gora,RU,2021-09-11 02:21:06,68.5333,146.4167,41.56,58,100,6.67
492,Gigmoto,PH,2021-09-11 02:21:07,13.7796,124.39,85.3,73,100,13.15
493,Altamira,BR,2021-09-11 02:21:07,-3.2033,-52.2064,79.34,64,62,3.6
494,Ati,TD,2021-09-11 02:21:08,13.2154,18.3353,79.81,70,100,10.02
495,Karaton,ID,2021-09-11 02:21:08,-6.3424,106.1045,82.56,60,73,1.77
496,Yulara,AU,2021-09-11 02:21:09,-25.2406,130.9889,84.04,6,0,6.91
497,Sept-Iles,CA,2021-09-11 02:19:02,50.2001,-66.3821,57.72,87,20,1.99
498,Tabas,IR,2021-09-11 02:21:09,33.5959,56.9244,73.22,21,0,2.21
499,Bilibino,RU,2021-09-11 02:21:09,68.0546,166.4372,31.01,74,99,8.77
500,Camacha,PT,2021-09-11 02:21:10,33.0833,-16.3333,70.56,83,20,2.3
501,Carauari,BR,2021-09-11 02:21:10,-4.8828,-66.8958,73.11,98,100,0.85
502,Casa Nova,BR,2021-09-11 02:21:11,-9.4167,-41.1333,81.18,42,1,22.53
503,Laguna,US,2021-09-11 02:21:11,38.421,-121.4238,89.46,45,1,4.0
504,Vrangel,RU,2021-09-11 02:21:12,42.7297,133.0839,71.47,63,95,6.46
505,Yatou,CN,2021-09-11 02:21:12,37.15,122.3833,77.92,76,0,11.34
506,Morant Bay,JM,2021-09-11 02:21:12,17.8815,-76.4093,83.82,82,21,7.9
507,Ciudad Bolivar,VE,2021-09-11 02:21:13,8.1222,-63.5497,80.51,67,18,10.83
508,Ulaangom,MN,2021-09-11 02:21:13,49.9811,92.0667,56.07,46,3,1.16
509,Hearst,CA,2021-09-11 02:21:14,49.6835,-83.6665,53.85,85,97,5.48
510,Mecca,SA,2021-09-11 02:21:14,21.4267,39.8261,86.34,52,24,5.59
511,Chulman,RU,2021-09-11 02:21:14,56.8479,124.9104,59.58,57,4,0.47
512,Talnakh,RU,2021-09-11 02:21:15,69.4865,88.3972,41.43,94,100,12.01
513,Hvide Sande,DK,2021-09-11 02:21:15,56.0045,8.1294,64.2,97,100,12.73
514,Bauchi,NG,2021-09-11 02:21:15,10.5,10.0,70.97,93,100,2.46
515,Matata,NZ,2021-09-11 02:21:16,-37.8833,176.75,62.53,41,27,9.42
516,Yajalon,MX,2021-09-11 02:21:16,17.2333,-92.3333,69.28,99,100,1.36
517,Rafaela,AR,2021-09-11 02:21:17,-31.2503,-61.4867,56.98,54,2,1.99
518,Conde,BR,2021-09-11 02:21:17,-7.2597,-34.9075,72.86,88,20,5.75
519,Prince Rupert,CA,2021-09-11 02:17:50,54.3161,-130.3201,55.49,82,90,12.66
520,Pasighat,IN,2021-09-11 02:21:18,28.0667,95.3333,84.52,62,84,0.87
521,Tarakan,ID,2021-09-11 02:21:18,3.3,117.6333,83.7,79,40,3.44
522,Setermoen,NO,2021-09-11 02:21:18,68.861,18.3486,43.43,96,60,1.79
523,Batote,IN,2021-09-11 02:21:19,33.1227,75.321,66.11,84,77,2.64
524,Kingman,US,2021-09-11 02:19:19,35.1894,-114.053,93.78,19,1,5.99
525,Flagstaff,US,2021-09-11 02:16:35,35.1981,-111.6513,77.79,37,1,4.0
526,Shiliguri,IN,2021-09-11 02:21:20,26.7,88.4333,82.06,72,100,5.59
527,Naze,JP,2021-09-11 02:21:20,28.3667,129.4833,86.92,76,100,8.68
528,Ha Giang,VN,2021-09-11 02:21:20,22.8333,104.9833,88.9,55,3,1.23
529,Broken Hill,AU,2021-09-11 02:21:21,-31.95,141.4333,80.83,10,0,23.71
530,Komatsushima,JP,2021-09-11 02:21:21,34.0,134.5833,82.76,74,75,8.05
531,Srednekolymsk,RU,2021-09-11 02:21:22,67.45,153.6833,37.36,57,88,5.57
532,Vila,PT,2021-09-11 02:21:22,42.0304,-8.1588,53.33,93,32,2.82
533,Ishigaki,JP,2021-09-11 02:21:22,24.3448,124.1572,82.53,89,75,16.11
534,Victoria,HK,2021-09-11 02:20:41,22.2855,114.1577,90.32,72,99,3.74
535,Arkhangelsk,RU,2021-09-11 02:21:23,64.5401,40.5433,42.91,100,75,6.71
536,Temir,KZ,2021-09-11 02:21:23,49.1414,57.13,63.41,44,100,13.33
537,Oranjemund,NA,2021-09-11 02:21:24,-28.55,16.4333,53.42,80,7,5.28
538,Dutse,NG,2021-09-11 02:21:24,11.7594,9.3392,75.63,82,100,3.69
539,Omboue,GA,2021-09-11 02:21:25,-1.5746,9.2618,75.06,89,100,5.95
540,Ngunguru,NZ,2021-09-11 02:21:25,-35.6167,174.5,63.16,52,18,13.87
541,Marsa Matruh,EG,2021-09-11 02:21:25,31.3525,27.2453,75.4,69,40,5.75
542,Sumbe,AO,2021-09-11 02:21:26,-11.2061,13.8437,70.36,89,71,2.89
543,Thunder Bay,CA,2021-09-11 02:20:34,48.4001,-89.3168,66.99,68,75,6.91
544,Otradnoye,RU,2021-09-11 02:21:26,59.7775,30.8181,48.25,81,81,4.54
545,Arenillas,ES,2021-09-11 02:21:27,41.3471,-2.8462,54.99,63,43,4.03
546,Avera,US,2021-09-11 02:21:27,33.194,-82.5271,69.31,51,0,5.55
547,Lazurne,UA,2021-09-11 02:21:27,46.084,32.5295,55.85,56,100,8.72
548,Zhanakorgan,KZ,2021-09-11 02:21:28,43.9098,67.2495,60.08,26,0,9.31
549,Boudry,CH,2021-09-11 02:21:28,46.9499,6.8376,64.38,97,75,0.0
550,Iralaya,HN,2021-09-11 02:21:28,15.0,-83.2333,80.67,86,95,11.05
551,Hanna,CA,2021-09-11 02:18:14,51.6334,-111.9018,67.51,60,37,5.99
552,Kalikino,RU,2021-09-11 02:21:29,52.9493,39.8269,59.95,85,100,4.59
553,Borovichi,RU,2021-09-11 02:21:29,58.3878,33.9155,47.1,95,59,4.68
