City_ID,City,Country,Date,Lat,Lng,Max Temp,Humidity,Cloudiness,Wind Speed,Current Description
0,Khatanga,RU,2021-09-12 02:04:59,71.9667,102.5,46.53,56,4,3.13,clear sky
1,Souillac,MU,2021-09-12 02:07:37,-20.5167,57.5167,71.37,77,42,20.07,scattered clouds
2,Minas,UY,2021-09-12 02:07:37,-34.3759,-55.2377,55.87,93,49,11.59,scattered clouds
3,Shu,KZ,2021-09-12 02:07:37,43.5983,73.7614,62.22,25,8,2.37,clear sky
4,Mahibadhoo,MV,2021-09-12 02:07:38,3.7833,72.9667,82.18,73,38,10.27,scattered clouds
5,Busselton,AU,2021-09-12 02:07:39,-33.65,115.3333,55.04,61,16,6.31,few clouds
6,Ambovombe,MG,2021-09-12 02:07:39,-25.1667,46.0833,65.77,84,17,14.0,few clouds
7,Orsha,BY,2021-09-12 02:07:39,54.5153,30.4053,56.21,78,100,5.55,overcast clouds
8,Rikitea,PF,2021-09-12 02:07:40,-23.1203,-134.9692,74.3,72,88,9.33,overcast clouds
9,Mahebourg,MU,2021-09-12 02:03:53,-20.4081,57.7,71.26,76,23,21.12,few clouds
10,San Quintin,MX,2021-09-12 02:05:19,30.4833,-115.95,74.1,79,0,10.6,clear sky
11,Hobart,AU,2021-09-12 02:07:29,-42.8794,147.3294,54.05,63,40,4.0,light rain
12,Qaanaaq,GL,2021-09-12 02:07:41,77.484,-69.3632,18.5,60,20,8.1,few clouds
13,Geraldton,AU,2021-09-12 02:07:41,-28.7667,114.6,63.01,55,0,17.27,clear sky
14,Kobyzhcha,UA,2021-09-12 02:07:42,50.8285,31.5044,49.91,73,88,4.23,overcast clouds
15,Nouakchott,MR,2021-09-12 02:03:05,18.0858,-15.9785,80.53,84,53,10.45,broken clouds
16,Tuktoyaktuk,CA,2021-09-12 02:07:43,69.4541,-133.0374,48.38,75,100,7.43,overcast clouds
17,Bowen,AU,2021-09-12 02:07:43,-20.0167,148.2333,74.19,64,89,10.63,overcast clouds
18,Cape Town,ZA,2021-09-12 02:07:09,-33.9258,18.4232,58.87,88,100,1.99,light rain
19,Ushuaia,AR,2021-09-12 02:07:44,-54.8,-68.3,42.46,45,20,16.11,few clouds
20,Chuy,UY,2021-09-12 02:04:12,-33.6971,-53.4616,52.54,96,9,6.58,clear sky
21,Mataura,NZ,2021-09-12 02:07:44,-46.1927,168.8643,54.48,69,96,12.97,light rain
22,Bredasdorp,ZA,2021-09-12 02:07:45,-34.5322,20.0403,51.89,91,92,3.69,overcast clouds
23,Tasiilaq,GL,2021-09-12 02:07:45,65.6145,-37.6368,39.36,69,100,23.04,overcast clouds
24,Mayuge,UG,2021-09-12 02:07:46,0.4597,33.4803,64.67,91,88,3.18,light rain
25,Imbituba,BR,2021-09-12 02:07:46,-28.24,-48.6703,66.09,86,100,4.16,overcast clouds
26,Punta Arenas,CL,2021-09-12 02:07:47,-53.15,-70.9167,39.31,65,0,9.22,clear sky
27,Hellendoorn,NL,2021-09-12 02:07:47,52.3902,6.448,63.41,87,100,7.81,overcast clouds
28,Lavrentiya,RU,2021-09-12 02:07:47,65.5833,-171.0,43.12,79,23,11.05,few clouds
29,Butaritari,KI,2021-09-12 02:07:48,3.0707,172.7902,83.61,75,60,23.22,light rain
30,Jamestown,US,2021-09-12 02:07:48,42.097,-79.2353,69.39,69,20,3.0,few clouds
31,Trelew,AR,2021-09-12 02:07:49,-43.249,-65.3051,61.0,54,100,22.75,overcast clouds
32,Saint George,US,2021-09-12 02:07:49,37.1041,-113.5841,95.63,21,1,1.01,clear sky
33,Castro,BR,2021-09-12 02:07:50,-24.7911,-50.0119,58.77,92,73,2.55,broken clouds
34,Vila Velha,BR,2021-09-12 02:07:51,-20.3297,-40.2925,73.35,94,75,2.3,mist
35,Chimore,BO,2021-09-12 02:07:51,-16.9833,-65.1333,78.31,62,100,1.3,overcast clouds
36,Torbay,CA,2021-09-12 02:07:51,47.6666,-52.7314,59.58,84,0,7.0,clear sky
37,Siocon,PH,2021-09-12 02:07:52,7.7061,122.1353,84.99,72,100,5.06,overcast clouds
38,Nikolskoye,RU,2021-09-12 02:07:52,59.7035,30.7861,55.29,98,100,3.29,overcast clouds
39,Cozumel,MX,2021-09-12 02:07:53,20.5083,-86.9458,84.18,82,75,6.91,broken clouds
40,Lompoc,US,2021-09-12 02:07:55,34.6391,-120.4579,73.42,86,90,11.5,mist
41,New Norfolk,AU,2021-09-12 02:07:56,-42.7826,147.0587,53.71,56,64,1.99,broken clouds
42,Luanda,AO,2021-09-12 02:03:58,-8.8368,13.2343,72.45,92,100,5.86,light rain
43,Saint Anthony,US,2021-09-12 02:07:56,45.0205,-93.218,71.26,59,1,1.99,clear sky
44,Oranjemund,NA,2021-09-12 02:07:56,-28.55,16.4333,55.35,88,14,5.48,few clouds
45,Saldanha,ZA,2021-09-12 02:07:57,-33.0117,17.9442,57.25,94,100,9.24,overcast clouds
46,Sao Filipe,CV,2021-09-12 02:07:57,14.8961,-24.4956,78.08,81,89,3.69,overcast clouds
47,Oktyabrskiy,RU,2021-09-12 02:07:58,54.4815,53.471,42.19,75,93,5.57,overcast clouds
48,Puerto Carreno,CO,2021-09-12 02:07:59,6.189,-67.4859,75.54,91,100,7.14,overcast clouds
49,Ahuimanu,US,2021-09-12 02:04:32,21.4447,-157.8378,87.51,63,20,13.8,light rain
50,Jinchang,CN,2021-09-12 02:07:59,38.4953,102.1739,74.79,23,100,8.39,overcast clouds
51,Cherskiy,RU,2021-09-12 02:08:00,68.75,161.3,35.73,49,100,4.63,overcast clouds
52,Bahia Honda,CU,2021-09-12 02:08:00,22.9036,-83.1592,79.61,80,23,8.25,moderate rain
53,San Cristobal,VE,2021-09-12 02:08:01,7.7669,-72.225,64.78,92,88,2.42,overcast clouds
54,Pemangkat,ID,2021-09-12 02:08:02,1.1667,108.9667,83.39,71,11,2.62,few clouds
55,Palmer,US,2021-09-12 02:05:05,42.1584,-72.3287,65.21,77,1,4.0,clear sky
56,Warrington,GB,2021-09-12 02:04:28,53.3925,-2.5802,60.91,91,75,3.44,broken clouds
57,Elko,US,2021-09-12 02:08:03,41.0002,-115.5012,77.02,30,11,5.01,few clouds
58,Bacabal,BR,2021-09-12 02:08:03,-4.2917,-44.7917,78.46,79,6,8.9,clear sky
59,Lorengau,PG,2021-09-12 02:08:03,-2.0226,147.2712,85.35,68,51,10.54,broken clouds
60,Tiruchchendur,IN,2021-09-12 02:08:04,8.4833,78.1167,80.89,71,100,15.95,overcast clouds
61,Puerto Ayora,EC,2021-09-12 02:08:04,-0.7393,-90.3518,68.56,94,92,4.0,overcast clouds
62,Labuhan,ID,2021-09-12 02:08:05,-6.8844,112.2051,80.19,78,100,7.83,overcast clouds
63,Alofi,NU,2021-09-12 02:05:50,-19.0595,-169.9187,77.63,81,100,15.55,light rain
64,Hilo,US,2021-09-12 02:08:06,19.7297,-155.09,82.13,74,75,9.22,broken clouds
65,Goure,NE,2021-09-12 02:08:06,13.9835,10.2704,83.57,55,82,9.1,broken clouds
66,Husavik,IS,2021-09-12 02:08:07,66.0449,-17.3389,40.98,76,100,11.23,overcast clouds
67,Matay,EG,2021-09-12 02:08:07,28.419,30.7792,72.46,66,0,8.81,clear sky
68,Nawa,IN,2021-09-12 02:08:08,27.0167,75.0,77.65,89,100,9.53,moderate rain
69,Hualmay,PE,2021-09-12 02:08:08,-11.0964,-77.6139,62.33,85,92,10.71,overcast clouds
70,Aykhal,RU,2021-09-12 02:08:09,66.0,111.5,51.71,53,68,4.16,broken clouds
71,Centralia,US,2021-09-12 02:08:09,46.7162,-122.9543,72.79,68,20,5.75,few clouds
72,Port Elizabeth,ZA,2021-09-12 02:08:09,-33.918,25.5701,60.1,92,24,6.55,few clouds
73,Lasa,IT,2021-09-12 02:07:01,46.6166,10.7002,59.02,88,28,1.36,scattered clouds
74,Chokurdakh,RU,2021-09-12 02:08:10,70.6333,147.9167,49.6,47,66,15.19,broken clouds
75,Georgetown,MY,2021-09-12 02:07:05,5.4112,100.3354,84.13,75,20,1.01,few clouds
76,Bhainsdehi,IN,2021-09-12 02:08:11,21.6467,77.6325,71.44,93,92,3.47,overcast clouds
77,Bernalillo,US,2021-09-12 02:03:13,35.05,-106.6673,87.53,18,20,4.61,few clouds
78,Bondo,CD,2021-09-12 02:08:11,3.8146,23.6866,66.83,98,72,0.72,broken clouds
79,Hermanus,ZA,2021-09-12 02:08:12,-34.4187,19.2345,55.9,86,100,6.49,overcast clouds
80,Gambela,ET,2021-09-12 02:08:12,8.25,34.5833,69.04,95,95,3.49,light rain
81,Sao Joao Da Barra,BR,2021-09-12 02:04:24,-21.6403,-41.0511,71.65,92,90,5.14,overcast clouds
82,Abong Mbang,CM,2021-09-12 02:08:13,3.9833,13.1833,66.52,99,100,2.51,light rain
83,Huilong,CN,2021-09-12 02:08:13,31.8111,121.655,82.04,82,100,18.75,overcast clouds
84,Sampit,ID,2021-09-12 02:07:48,-2.5333,112.95,75.65,93,100,2.35,overcast clouds
85,Yellowknife,CA,2021-09-12 02:08:14,62.456,-114.3525,50.52,76,90,14.97,light intensity shower rain
86,Naze,JP,2021-09-12 02:08:15,28.3667,129.4833,79.97,83,100,13.13,overcast clouds
87,Buraydah,SA,2021-09-12 02:04:08,26.326,43.975,75.4,23,8,3.04,clear sky
88,Uhlove,UA,2021-09-12 02:08:16,44.8215,33.6045,63.79,73,85,6.78,overcast clouds
89,Dingle,PH,2021-09-12 02:06:52,10.9995,122.6711,84.54,75,88,4.52,overcast clouds
90,Provideniya,RU,2021-09-12 02:08:16,64.3833,-173.3,45.0,65,52,6.76,broken clouds
91,Airai,TL,2021-09-12 02:03:20,-8.9266,125.4092,75.65,41,14,3.65,few clouds
92,Constitucion,CL,2021-09-12 02:08:17,-35.3333,-72.4167,51.55,89,98,13.56,overcast clouds
93,Bethel,US,2021-09-12 02:08:17,41.3712,-73.414,69.55,87,1,0.0,clear sky
94,Kodiak,US,2021-09-12 02:08:18,57.79,-152.4072,54.91,71,1,5.75,clear sky
95,Carman,CA,2021-09-12 02:03:36,49.4992,-98.0016,59.32,51,100,8.34,light rain
96,Albany,US,2021-09-12 02:08:19,42.6001,-73.9662,63.63,82,6,5.14,clear sky
97,Pisco,PE,2021-09-12 02:08:19,-13.7,-76.2167,60.03,91,51,4.59,broken clouds
98,Teguise,ES,2021-09-12 02:08:20,29.0605,-13.564,68.22,88,0,10.36,clear sky
99,Hovd,MN,2021-09-12 02:08:20,48.0056,91.6419,59.59,23,10,3.04,clear sky
100,Vao,NC,2021-09-12 02:08:21,-22.6667,167.4833,68.0,61,6,12.5,clear sky
101,Chapais,CA,2021-09-12 02:08:21,49.7834,-74.8492,58.78,96,89,8.93,overcast clouds
102,San Lorenzo,PY,2021-09-12 02:05:14,-25.3333,-57.5333,74.34,50,0,6.91,clear sky
103,Iracoubo,GF,2021-09-12 02:08:22,5.4802,-53.2011,78.53,83,35,10.8,scattered clouds
104,Baturaja,ID,2021-09-12 02:08:23,-4.1333,104.1667,81.7,72,100,2.17,overcast clouds
105,Coahuayana,MX,2021-09-12 02:05:18,18.7333,-103.6833,79.68,92,100,1.23,overcast clouds
106,Kaitangata,NZ,2021-09-12 02:08:23,-46.2817,169.8464,63.68,49,88,9.6,overcast clouds
107,Gwanda,ZW,2021-09-12 02:08:24,-20.9333,29.0,50.32,66,0,4.81,clear sky
108,Bluff,NZ,2021-09-12 02:08:24,-46.6,168.3333,54.81,84,100,28.07,light rain
109,Marzuq,YE,2021-09-12 02:08:25,14.4,46.4667,78.91,49,14,4.03,few clouds
110,Mar Del Plata,AR,2021-09-12 02:08:25,-38.0023,-57.5575,51.06,97,76,17.98,broken clouds
111,Banda Aceh,ID,2021-09-12 02:08:26,5.5577,95.3222,83.21,70,100,9.31,overcast clouds
112,Kununurra,AU,2021-09-12 02:08:26,-15.7667,128.7333,87.78,42,1,5.75,clear sky
113,Hami,CN,2021-09-12 02:06:44,42.8,93.45,73.6,22,79,7.2,broken clouds
114,Mugur-Aksy,RU,2021-09-12 02:08:27,50.35,90.5,47.93,39,100,6.29,overcast clouds
115,Libertador General San Martin,AR,2021-09-12 02:08:27,-23.8064,-64.7876,69.94,50,38,3.85,scattered clouds
116,Nanortalik,GL,2021-09-12 02:08:28,60.1432,-45.2371,39.94,75,100,17.63,light rain
117,Victoria,HK,2021-09-12 02:06:36,22.2855,114.1577,89.96,80,72,1.01,broken clouds
118,Lashio,MM,2021-09-12 02:08:28,22.9333,97.75,76.98,74,20,1.25,few clouds
119,Mareeba,AU,2021-09-12 02:08:29,-17.0,145.4333,76.48,76,99,5.77,overcast clouds
120,Kavaratti,IN,2021-09-12 02:08:30,10.5669,72.642,81.59,81,100,20.29,overcast clouds
121,Mount Gambier,AU,2021-09-12 02:08:30,-37.8333,140.7667,49.23,88,39,10.36,light rain
122,Atuona,PF,2021-09-12 02:08:31,-9.8,-139.0333,78.06,75,5,16.6,clear sky
123,Dikson,RU,2021-09-12 02:08:31,73.5069,80.5464,42.17,88,100,8.77,overcast clouds
124,Iquique,CL,2021-09-12 02:03:58,-20.2208,-70.1431,59.04,74,61,2.48,broken clouds
125,Changying,CN,2021-09-12 02:08:32,52.8733,123.3213,56.53,75,98,1.59,light rain
126,Barrow,US,2021-09-12 02:08:33,71.2906,-156.7887,44.62,76,20,4.61,few clouds
127,Prince Rupert,CA,2021-09-12 02:08:33,54.3161,-130.3201,57.29,82,90,9.22,light rain
128,Makakilo City,US,2021-09-12 02:08:34,21.3469,-158.0858,86.32,55,40,11.5,scattered clouds
129,Krasnooktyabrskiy,RU,2021-09-12 02:08:34,44.9328,38.3712,60.1,93,53,2.93,broken clouds
130,Ilulissat,GL,2021-09-12 02:08:35,69.2167,-51.1,24.82,50,1,4.61,clear sky
131,Cap-Aux-Meules,CA,2021-09-12 02:08:35,47.3821,-61.8597,61.03,73,62,14.88,broken clouds
132,Arraial Do Cabo,BR,2021-09-12 02:08:36,-22.9661,-42.0278,71.11,90,89,7.81,overcast clouds
133,Hithadhoo,MV,2021-09-12 02:08:36,-0.6,73.0833,82.4,71,23,10.51,few clouds
134,Aksu,CN,2021-09-12 02:08:37,41.1231,80.2644,73.72,30,89,4.99,overcast clouds
135,Vaini,TO,2021-09-12 02:08:38,-21.2,-175.2,73.56,94,90,10.36,moderate rain
136,Poum,NC,2021-09-12 02:06:11,-20.2333,164.0167,73.02,63,8,17.98,clear sky
137,Saint-Philippe,RE,2021-09-12 02:08:38,-21.3585,55.7679,67.59,84,42,16.82,light rain
138,Ribeira Grande,PT,2021-09-12 02:08:39,38.5167,-28.7,70.12,74,100,18.86,overcast clouds
139,Vanavara,RU,2021-09-12 02:08:39,60.34,102.2797,51.26,58,100,5.14,overcast clouds
140,Aketi,CD,2021-09-12 02:07:09,2.7388,23.7833,67.93,99,82,1.28,broken clouds
141,Monrovia,LR,2021-09-12 02:05:21,6.3005,-10.7969,77.0,88,100,11.79,light rain
142,East London,ZA,2021-09-12 02:08:40,-33.0153,27.9116,67.21,73,4,14.45,clear sky
143,Correia Pinto,BR,2021-09-12 02:08:41,-27.5847,-50.3611,51.33,89,0,3.02,clear sky
144,Port-Cartier,CA,2021-09-12 02:08:41,50.0334,-66.8654,54.75,73,3,4.36,clear sky
145,Shache,CN,2021-09-12 02:08:42,38.4167,77.2406,73.9,28,98,13.78,overcast clouds
146,Imphal,IN,2021-09-12 02:08:42,24.8167,93.95,76.71,75,99,1.81,overcast clouds
147,Luderitz,NA,2021-09-12 02:08:43,-26.6481,15.1594,56.7,70,0,11.95,clear sky
148,Saint-Pierre,RE,2021-09-12 02:08:43,-21.3393,55.4781,67.68,74,75,10.36,broken clouds
149,Camacha,PT,2021-09-12 02:08:44,33.0833,-16.3333,72.54,94,75,6.91,broken clouds
150,Avarua,CK,2021-09-12 02:07:05,-21.2078,-159.775,77.05,78,90,13.8,overcast clouds
151,Cap Malheureux,MU,2021-09-12 02:08:44,-19.9842,57.6142,71.47,72,1,8.99,clear sky
152,Hamilton,US,2021-09-12 02:05:57,39.1834,-84.5333,75.78,72,1,1.99,clear sky
153,Alghero,IT,2021-09-12 02:08:45,40.5589,8.3181,64.49,94,0,2.3,clear sky
154,Longyearbyen,SJ,2021-09-12 02:08:45,78.2186,15.6401,33.64,69,0,14.97,clear sky
155,Svetlyy,RU,2021-09-12 02:08:46,54.675,20.1347,62.65,95,61,6.73,broken clouds
156,Xining,CN,2021-09-12 02:08:47,36.6167,101.7667,64.94,56,7,3.29,clear sky
157,Saskylakh,RU,2021-09-12 02:08:47,71.9167,114.0833,49.77,57,63,11.81,broken clouds
158,Vawkavysk,BY,2021-09-12 02:08:48,53.1561,24.4513,56.1,73,100,6.08,overcast clouds
159,Tynda,RU,2021-09-12 02:08:48,55.1667,124.7167,56.73,69,7,3.04,clear sky
160,Quatre Cocos,MU,2021-09-12 02:08:49,-20.2078,57.7625,71.1,77,30,20.62,scattered clouds
161,Takoradi,GH,2021-09-12 02:07:25,4.8845,-1.7554,75.25,93,28,6.35,scattered clouds
162,Carnarvon,AU,2021-09-12 02:08:50,-24.8667,113.6333,73.47,28,0,17.27,clear sky
163,Vila Franca Do Campo,PT,2021-09-12 02:08:50,37.7167,-25.4333,66.61,75,98,12.57,overcast clouds
164,San Gabriel Casa Blanca,MX,2021-09-12 02:08:51,18.15,-97.1333,70.81,90,99,4.29,overcast clouds
165,Borba,BR,2021-09-12 02:08:51,-4.3878,-59.5939,74.61,90,100,2.66,light rain
166,Paramirim,BR,2021-09-12 02:08:52,-13.4425,-42.2389,73.89,41,0,4.14,clear sky
167,Bilma,NE,2021-09-12 02:08:52,18.6853,12.9164,89.11,22,47,5.86,scattered clouds
168,Port Hedland,AU,2021-09-12 02:07:54,-20.3167,118.5667,80.65,54,0,8.05,clear sky
169,Kalmunai,LK,2021-09-12 02:08:53,7.4167,81.8167,80.91,65,99,3.27,overcast clouds
170,Esperance,AU,2021-09-12 02:04:36,-33.8667,121.9,54.77,58,100,8.61,overcast clouds
171,Gat,IL,2021-09-12 02:08:54,31.61,34.7642,74.08,57,94,5.61,overcast clouds
172,Talnakh,RU,2021-09-12 02:08:54,69.4865,88.3972,44.58,93,99,11.83,moderate rain
173,Mahuva,IN,2021-09-12 02:08:55,21.0914,71.7622,79.34,89,75,12.62,broken clouds
174,Marienburg,PL,2021-09-12 02:08:55,54.0359,19.0266,62.85,94,23,5.41,few clouds
175,Strezhevoy,RU,2021-09-12 02:08:56,60.7333,77.5889,42.78,92,82,6.82,broken clouds
176,Quelimane,MZ,2021-09-12 02:04:20,-17.8786,36.8883,71.83,73,100,4.52,overcast clouds
177,Ayagoz,KZ,2021-09-12 02:08:56,47.9714,80.4392,58.17,32,100,16.04,overcast clouds
178,Buchanan,LR,2021-09-12 02:05:18,5.8808,-10.0467,76.93,90,100,5.91,light rain
179,Port Alfred,ZA,2021-09-12 02:08:57,-33.5906,26.891,63.7,89,27,13.56,scattered clouds
180,Vazante,BR,2021-09-12 02:08:57,-17.9869,-46.9078,77.99,24,4,1.39,clear sky
181,Belyy Yar,RU,2021-09-12 02:08:58,53.6039,91.3903,53.49,66,0,8.95,clear sky
182,Ahipara,NZ,2021-09-12 02:08:58,-35.1667,173.1667,59.72,59,36,6.76,scattered clouds
183,Serebryansk,KZ,2021-09-12 02:08:59,49.6925,83.2892,63.95,33,100,7.43,overcast clouds
184,Severo-Kurilsk,RU,2021-09-12 02:08:59,50.6789,156.125,49.86,72,100,3.76,overcast clouds
185,Bambous Virieux,MU,2021-09-12 02:09:00,-20.3428,57.7575,71.22,76,28,20.69,scattered clouds
186,Goderich,CA,2021-09-12 02:04:17,43.7501,-81.7165,73.9,79,60,20.09,broken clouds
187,Miguel Calmon,BR,2021-09-12 02:09:00,-11.4289,-40.595,67.28,83,0,5.53,clear sky
188,Semey,KZ,2021-09-12 02:09:01,50.4111,80.2275,53.82,94,90,11.18,overcast clouds
189,Bandarbeyla,SO,2021-09-12 02:05:54,9.4942,50.8122,79.47,72,100,29.06,overcast clouds
190,Worthington,US,2021-09-12 02:09:02,40.0931,-83.018,73.62,72,1,1.01,clear sky
191,Petrovac,RS,2021-09-12 02:09:02,44.3769,21.4192,57.15,45,1,2.68,clear sky
192,Port Augusta,AU,2021-09-12 02:09:03,-32.5,137.7667,61.7,30,24,16.89,few clouds
193,Terra Santa,BR,2021-09-12 02:09:03,-2.1042,-56.4869,81.14,58,85,2.39,overcast clouds
194,Okhotsk,RU,2021-09-12 02:08:06,59.3833,143.3,55.76,48,4,3.44,clear sky
195,Cabo San Lucas,MX,2021-09-12 02:05:13,22.8909,-109.9124,83.5,82,1,7.0,clear sky
196,Hattiesburg,US,2021-09-12 02:09:04,31.3271,-89.2903,74.64,90,1,0.0,clear sky
197,Altamont,US,2021-09-12 02:09:05,42.2068,-121.7372,74.39,33,1,1.99,smoke
198,Sisimiut,GL,2021-09-12 02:09:05,66.9395,-53.6735,30.63,52,23,12.37,few clouds
199,Kapaa,US,2021-09-12 02:09:06,22.0752,-159.319,84.18,68,20,3.0,few clouds
200,Nong Khai,TH,2021-09-12 02:09:06,17.9167,103.0833,84.27,81,58,4.61,broken clouds
201,Saint-Francois,FR,2021-09-12 02:09:07,46.4154,3.9054,53.04,100,90,0.0,fog
202,Naryan-Mar,RU,2021-09-12 02:09:08,67.6713,53.087,34.83,89,100,8.39,overcast clouds
203,Karpogory,RU,2021-09-12 02:09:08,64.0019,44.4451,32.29,97,22,3.53,few clouds
204,Tura,IN,2021-09-12 02:09:09,25.5198,90.2201,79.5,87,100,2.55,overcast clouds
205,Boguchany,RU,2021-09-12 02:09:09,58.3814,97.4531,52.0,62,100,9.42,overcast clouds
206,Sokolo,ML,2021-09-12 02:09:10,14.7328,-6.1219,79.56,61,50,8.3,scattered clouds
207,Najran,SA,2021-09-12 02:09:10,17.4924,44.1277,77.41,22,51,4.21,broken clouds
208,Bima,ID,2021-09-12 02:09:11,-8.4667,118.7167,90.57,49,27,1.68,scattered clouds
209,Nandgaon,IN,2021-09-12 02:09:12,20.3167,74.65,75.58,85,86,14.07,overcast clouds
210,Chumphon,TH,2021-09-12 02:09:12,10.3333,98.8333,77.47,87,100,7.7,overcast clouds
211,Tiznit,MA,2021-09-12 02:09:13,29.5833,-9.5,77.43,34,19,1.63,few clouds
212,Tual,ID,2021-09-12 02:09:13,-5.6667,132.75,80.6,80,100,12.19,overcast clouds
213,Richards Bay,ZA,2021-09-12 02:09:14,-28.783,32.0377,64.89,68,0,17.96,clear sky
214,Acarau,BR,2021-09-12 02:09:14,-2.8856,-40.12,77.65,82,9,16.15,clear sky
215,Kaeo,NZ,2021-09-12 02:09:15,-35.1,173.7833,64.33,66,45,7.99,scattered clouds
216,Fukue,JP,2021-09-12 02:09:16,32.6881,128.8419,76.08,85,100,7.07,overcast clouds
217,Bathsheba,BB,2021-09-12 02:09:16,13.2167,-59.5167,83.01,87,20,10.36,few clouds
218,Tula,RU,2021-09-12 02:09:17,54.2044,37.6111,62.38,66,100,5.46,overcast clouds
219,San Patricio,US,2021-09-12 02:09:17,28.017,-97.5169,84.83,70,10,11.5,clear sky
220,Bakchar,RU,2021-09-12 02:09:18,57.0186,82.0711,44.04,92,85,5.88,overcast clouds
221,Kisoro,UG,2021-09-12 02:09:18,-1.2854,29.685,57.36,73,75,2.64,broken clouds
222,Flin Flon,CA,2021-09-12 02:09:19,54.7682,-101.865,43.77,68,12,5.59,few clouds
223,Pevek,RU,2021-09-12 02:09:19,69.7008,170.3133,30.15,76,100,16.15,overcast clouds
224,Huarmey,PE,2021-09-12 02:09:20,-10.0681,-78.1522,62.62,88,19,9.44,few clouds
225,Karratha,AU,2021-09-12 02:09:20,-20.7377,116.8463,81.52,29,0,10.54,clear sky
226,Autazes,BR,2021-09-12 02:09:21,-3.5797,-59.1306,75.54,88,76,0.89,broken clouds
227,Dudinka,RU,2021-09-12 02:09:21,69.4058,86.1778,44.08,95,100,7.02,overcast clouds
228,Pochutla,MX,2021-09-12 02:09:22,15.7432,-96.4661,76.82,95,100,1.21,overcast clouds
229,Kavieng,PG,2021-09-12 02:09:23,-2.5744,150.7967,84.51,67,49,5.7,scattered clouds
230,Minden,DE,2021-09-12 02:09:23,52.2833,8.9167,64.04,93,100,4.61,overcast clouds
231,Araouane,ML,2021-09-12 02:09:24,18.9048,-3.5265,92.53,25,6,8.43,clear sky
232,Maracaibo,VE,2021-09-12 02:08:58,10.6317,-71.6406,81.82,76,100,7.52,overcast clouds
233,Comodoro Rivadavia,AR,2021-09-12 02:09:24,-45.8667,-67.5,55.26,76,0,2.3,clear sky
234,Fairbanks,US,2021-09-12 02:07:05,64.8378,-147.7164,57.2,46,1,0.0,haze
235,Ostrovnoy,RU,2021-09-12 02:09:25,68.0531,39.5131,39.16,82,100,16.98,overcast clouds
236,Bilibino,RU,2021-09-12 02:04:30,68.0546,166.4372,28.49,71,55,3.44,broken clouds
237,Madisonville,US,2021-09-12 02:07:57,37.3281,-87.4989,73.4,78,0,8.61,clear sky
238,Narsaq,GL,2021-09-12 02:09:25,60.9167,-46.05,44.82,69,100,23.78,moderate rain
239,Aklavik,CA,2021-09-12 02:09:26,68.2191,-135.0107,51.64,73,100,1.61,overcast clouds
240,Adoni,IN,2021-09-12 02:09:26,15.6333,77.2833,74.32,85,98,14.14,overcast clouds
241,Kurilsk,RU,2021-09-12 02:09:27,45.2333,147.8833,61.29,84,100,9.53,moderate rain
242,Arinos,BR,2021-09-12 02:09:27,-15.9169,-46.1056,76.12,24,0,0.49,clear sky
243,Smithers,CA,2021-09-12 02:09:28,54.7804,-127.1743,57.49,59,46,5.44,scattered clouds
244,Cidreira,BR,2021-09-12 02:09:29,-30.1811,-50.2056,60.26,83,0,9.71,clear sky
245,Port Blair,IN,2021-09-12 02:09:29,11.6667,92.75,82.65,81,97,18.41,overcast clouds
246,Newala,TZ,2021-09-12 02:09:30,-10.9431,39.2787,59.94,94,7,0.29,clear sky
247,Cockburn Town,TC,2021-09-12 02:09:30,21.4612,-71.1419,83.71,76,72,21.65,broken clouds
248,Nemuro,JP,2021-09-12 02:09:31,43.3236,145.575,63.23,87,100,15.59,overcast clouds
249,Kjollefjord,NO,2021-09-12 02:09:32,70.9457,27.3465,40.93,78,94,5.61,overcast clouds
250,Lalmohan,BD,2021-09-12 02:09:32,22.3384,90.7419,83.88,76,37,22.03,scattered clouds
251,Upernavik,GL,2021-09-12 02:09:33,72.7868,-56.1549,26.53,59,0,16.89,clear sky
252,Altay,CN,2021-09-12 02:09:33,47.8667,88.1167,60.76,22,0,1.83,clear sky
253,Amalapuram,IN,2021-09-12 02:05:43,16.5833,82.0167,82.78,93,100,7.83,moderate rain
254,Bengkulu,ID,2021-09-12 02:09:33,-3.8004,102.2655,80.22,76,74,2.15,broken clouds
255,Isangel,VU,2021-09-12 02:09:34,-19.55,169.2667,76.32,63,22,14.54,few clouds
256,Sitka,US,2021-09-12 02:09:35,57.0531,-135.33,57.09,88,90,3.44,moderate rain
257,Hornepayne,CA,2021-09-12 02:09:35,49.2138,-84.7705,47.35,71,33,8.14,scattered clouds
258,Katsuura,JP,2021-09-12 02:09:36,35.1333,140.3,75.31,88,100,4.07,overcast clouds
259,Namatanai,PG,2021-09-12 02:09:36,-3.6667,152.4333,84.4,70,100,8.84,light rain
260,Puerto Palomas,MX,2021-09-12 02:09:37,31.7667,-107.6167,85.33,18,1,7.63,clear sky
261,Anadyr,RU,2021-09-12 02:09:37,64.75,177.4833,36.1,93,40,13.42,scattered clouds
262,Coihueco,CL,2021-09-12 02:09:38,-36.6167,-71.8333,47.14,100,90,9.22,light rain
263,Taldan,RU,2021-09-12 02:09:38,53.6667,124.8,53.38,73,100,2.44,overcast clouds
264,Sioux Lookout,CA,2021-09-12 02:09:39,50.1001,-91.917,48.97,73,68,8.21,broken clouds
265,Eureka,US,2021-09-12 02:05:52,40.8021,-124.1637,63.18,79,7,1.01,clear sky
266,Touros,BR,2021-09-12 02:09:40,-5.1989,-35.4608,74.3,75,34,14.18,scattered clouds
267,Lebu,CL,2021-09-12 02:09:40,-37.6167,-73.65,49.28,77,100,17.52,overcast clouds
268,Zyryanka,RU,2021-09-12 02:05:42,65.75,150.85,46.96,42,65,5.57,broken clouds
269,Clyde River,CA,2021-09-12 02:09:41,70.4692,-68.5914,31.03,90,100,24.25,light snow
270,Guerrero Negro,MX,2021-09-12 02:09:41,27.9769,-114.0611,75.33,80,68,14.79,broken clouds
271,Sorland,NO,2021-09-12 02:09:42,67.667,12.6934,49.3,72,96,12.19,overcast clouds
272,Mandera,KE,2021-09-12 02:09:42,3.9366,41.867,75.69,68,56,16.49,broken clouds
273,Wanning,CN,2021-09-12 02:09:43,18.8003,110.3967,85.73,72,44,3.94,scattered clouds
274,Payo,ID,2021-09-12 02:09:44,-3.7508,103.6372,82.78,66,99,1.05,overcast clouds
275,Tazovskiy,RU,2021-09-12 02:09:44,67.4667,78.7,40.06,87,100,10.45,overcast clouds
276,Port Macquarie,AU,2021-09-12 02:09:45,-31.4333,152.9167,85.96,39,0,10.2,clear sky
277,Coquimbo,CL,2021-09-12 02:09:46,-29.9533,-71.3436,56.93,62,75,8.05,broken clouds
278,Dakar,SN,2021-09-12 02:09:46,14.6937,-17.4441,79.68,78,100,11.16,overcast clouds
279,Puerto Del Rosario,ES,2021-09-12 02:09:46,28.5004,-13.8627,74.95,88,53,11.5,broken clouds
280,Caravelas,BR,2021-09-12 02:09:47,-17.7125,-39.2481,73.54,82,0,9.19,clear sky
281,Tucuman,AR,2021-09-12 02:07:25,-26.8241,-65.2226,60.8,63,0,4.61,smoke
282,Salalah,OM,2021-09-12 02:09:48,17.0151,54.0924,78.89,83,75,2.3,broken clouds
283,Santiago Del Estero,AR,2021-09-12 02:09:48,-27.7951,-64.2615,71.8,33,0,18.95,clear sky
284,Kangaatsiaq,GL,2021-09-12 02:06:12,68.3065,-53.4641,33.93,60,4,6.31,clear sky
285,Sakleshpur,IN,2021-09-12 02:09:49,12.9667,75.7833,66.29,98,100,8.14,overcast clouds
286,Kismayo,SO,2021-09-12 02:09:50,-0.3582,42.5454,75.97,82,83,16.51,light rain
287,Silver City,US,2021-09-12 02:09:50,32.7701,-108.2803,77.63,36,75,5.75,broken clouds
288,Belmonte,BR,2021-09-12 02:09:51,-15.8631,-38.8828,75.7,83,3,8.01,clear sky
289,Lagoa,PT,2021-09-12 02:09:51,39.05,-27.9833,68.9,74,100,22.79,overcast clouds
290,Olafsvik,IS,2021-09-12 02:09:52,64.8945,-23.7142,45.63,64,100,7.72,overcast clouds
291,Samarai,PG,2021-09-12 02:09:53,-10.6167,150.6667,80.28,78,79,12.97,broken clouds
292,Roznov,RO,2021-09-12 02:09:53,46.8333,26.5167,59.4,63,64,4.79,light rain
293,San Pedro,PH,2021-09-12 02:09:54,14.35,121.0167,82.31,87,100,3.22,overcast clouds
294,Tayoltita,MX,2021-09-12 02:09:54,24.0833,-105.9333,69.12,65,13,6.71,few clouds
295,Lively,CA,2021-09-12 02:09:55,46.4334,-81.1498,63.01,91,70,9.44,broken clouds
296,Gold Coast,AU,2021-09-12 02:09:56,-28.0,153.4333,82.17,56,0,5.01,clear sky
297,Manado,ID,2021-09-12 02:08:36,1.487,124.8455,75.97,94,75,1.14,heavy intensity rain
298,Chunskiy,RU,2021-09-12 02:09:56,56.0815,99.6342,51.17,62,94,8.7,overcast clouds
299,Yulara,AU,2021-09-12 02:09:57,-25.2406,130.9889,71.44,30,0,14.97,clear sky
300,Axim,GH,2021-09-12 02:09:58,4.8699,-2.2405,75.67,91,78,5.03,broken clouds
301,Sabla,NG,2021-09-12 02:09:59,12.7525,4.7077,71.82,80,100,11.88,moderate rain
302,Tiksi,RU,2021-09-12 02:09:59,71.6872,128.8694,51.01,51,93,14.43,overcast clouds
303,Komsomolskiy,UZ,2021-09-12 02:10:00,40.4272,71.7189,65.12,45,4,4.61,clear sky
304,Namibe,AO,2021-09-12 02:10:00,-15.1961,12.1522,66.36,96,8,5.53,clear sky
305,Port Hardy,CA,2021-09-12 02:10:01,50.6996,-127.4199,58.06,83,100,8.19,overcast clouds
306,Oksfjord,NO,2021-09-12 02:10:01,70.2396,22.3479,40.12,76,100,4.16,overcast clouds
307,La Ronge,CA,2021-09-12 02:06:49,55.1001,-105.2842,48.07,60,82,4.41,broken clouds
308,Broken Hill,AU,2021-09-12 02:10:02,-31.95,141.4333,61.77,42,40,17.72,scattered clouds
309,Tete,MZ,2021-09-12 02:10:02,-16.1564,33.5867,67.71,77,83,7.4,broken clouds
310,Le Vauclin,MQ,2021-09-12 02:10:04,14.5452,-60.8388,78.85,89,20,1.14,few clouds
311,Marawi,PH,2021-09-12 02:10:05,7.9986,124.2928,74.64,68,100,1.01,overcast clouds
312,Arman,RU,2021-09-12 02:08:54,59.7,150.1667,49.08,41,74,4.43,broken clouds
313,Alice Springs,AU,2021-09-12 02:10:05,-23.7,133.8833,76.55,15,0,10.36,clear sky
314,Hasaki,JP,2021-09-12 02:10:06,35.7333,140.8333,79.09,83,100,4.72,overcast clouds
315,Tuatapere,NZ,2021-09-12 02:06:06,-46.1333,167.6833,54.82,94,100,11.32,light rain
316,Gairo,IT,2021-09-12 02:10:07,39.8497,9.5047,63.18,77,0,4.09,clear sky
317,Aswan,EG,2021-09-12 02:10:07,24.0934,32.907,78.33,39,5,11.56,clear sky
318,Kashira,RU,2021-09-12 02:10:07,54.8444,38.1669,55.74,74,99,6.6,overcast clouds
319,Raudeberg,NO,2021-09-12 02:10:08,61.9875,5.1352,56.07,91,99,8.99,overcast clouds
320,Kulhudhuffushi,MV,2021-09-12 02:10:09,6.6221,73.07,82.58,73,100,14.05,overcast clouds
321,Danielskuil,ZA,2021-09-12 02:10:09,-28.1887,23.5395,56.39,28,0,11.9,clear sky
322,Omboue,GA,2021-09-12 02:10:10,-1.5746,9.2618,75.07,87,100,5.39,light rain
323,Leningradskiy,RU,2021-09-12 02:05:28,69.3833,178.4167,28.89,92,100,21.85,light snow
324,Garissa,KE,2021-09-12 02:10:10,-0.4536,39.6401,72.55,80,26,15.59,scattered clouds
325,Ziro,IN,2021-09-12 02:10:11,27.6333,93.8333,66.4,75,69,1.99,broken clouds
326,Ancud,CL,2021-09-12 02:07:56,-41.8697,-73.8203,44.13,89,100,21.45,moderate rain
327,Chino Valley,US,2021-09-12 02:10:11,34.7575,-112.4538,85.75,34,1,8.05,clear sky
328,Finschhafen,PG,2021-09-12 02:10:12,-6.6024,147.8681,83.66,68,99,10.8,overcast clouds
329,Jishou,CN,2021-09-12 02:10:13,28.3167,109.7167,84.09,60,99,5.46,light rain
330,Dzilam Gonzalez,MX,2021-09-12 02:10:13,21.2833,-88.9333,77.09,92,100,5.61,overcast clouds
331,Umm Lajj,SA,2021-09-12 02:10:13,25.0213,37.2685,80.78,72,3,13.33,clear sky
332,Saint-Augustin,CA,2021-09-12 02:10:14,51.226,-58.6502,53.22,69,97,15.46,overcast clouds
333,Cuautepec,MX,2021-09-12 02:10:14,16.7,-99.0,75.6,92,100,1.83,overcast clouds
334,Vilcun,CL,2021-09-12 02:10:15,-38.65,-72.2333,45.34,96,100,13.8,light rain
335,Rawalpindi,PK,2021-09-12 02:10:15,33.6007,73.0679,76.23,77,50,3.4,scattered clouds
336,Carballo,ES,2021-09-12 02:10:16,43.213,-8.691,65.62,80,24,3.42,few clouds
337,Salto,UY,2021-09-12 02:06:14,-31.3833,-57.9667,57.15,88,4,10.33,clear sky
338,Jumla,NP,2021-09-12 02:10:16,29.2747,82.1838,63.64,81,74,1.48,broken clouds
339,Maydolong,PH,2021-09-12 02:10:17,11.4992,125.5011,85.96,69,100,7.92,overcast clouds
340,Abha,SA,2021-09-12 02:10:17,18.2164,42.5053,66.45,64,20,0.0,few clouds
341,Meadow Lake,US,2021-09-12 02:10:18,34.8014,-106.5436,85.68,21,5,7.54,clear sky
342,Faanui,PF,2021-09-12 02:10:18,-16.4833,-151.75,76.93,74,72,16.58,light rain
343,Saint Paul,US,2021-09-12 02:05:34,44.9444,-93.0933,71.89,61,1,6.91,clear sky
344,Acapulco,MX,2021-09-12 02:10:05,16.8634,-99.8901,82.22,83,90,2.3,overcast clouds
345,Cayenne,GF,2021-09-12 02:10:19,4.9333,-52.3333,81.09,79,0,3.0,clear sky
346,Zhanaozen,KZ,2021-09-12 02:10:20,43.3,52.8,66.02,28,0,9.08,clear sky
347,Marsh Harbour,BS,2021-09-12 02:05:28,26.5412,-77.0636,84.34,68,3,10.18,clear sky
348,Henties Bay,NA,2021-09-12 02:10:20,-22.116,14.2845,53.85,83,12,4.88,few clouds
349,Ambon,ID,2021-09-12 02:06:46,-3.6954,128.1814,84.34,84,20,3.44,few clouds
350,Darnah,LY,2021-09-12 02:10:21,32.767,22.6367,79.63,58,5,3.13,clear sky
351,Adrar,MR,2021-09-12 02:05:29,20.5022,-10.0711,88.07,34,100,11.83,overcast clouds
352,Hofn,IS,2021-09-12 02:10:21,64.2539,-15.2082,52.36,67,56,9.57,broken clouds
353,Entre Rios,BR,2021-09-12 02:07:55,-11.9419,-38.0844,67.71,98,31,3.38,scattered clouds
354,Evensk,RU,2021-09-12 02:10:22,61.95,159.2333,47.46,44,11,2.91,few clouds
355,Coxim,BR,2021-09-12 02:10:23,-18.5067,-54.76,84.87,35,15,1.28,few clouds
356,Otradnoye,RU,2021-09-12 02:10:23,59.7775,30.8181,55.45,98,100,3.24,overcast clouds
357,Yumen,CN,2021-09-12 02:10:24,40.2833,97.2,65.19,27,100,16.62,overcast clouds
358,Kutum,SD,2021-09-12 02:05:32,14.2,24.6667,75.06,67,51,2.89,broken clouds
359,Rio Grande,BR,2021-09-12 02:07:37,-32.035,-52.0986,55.94,92,0,8.79,clear sky
360,Kimbe,PG,2021-09-12 02:10:24,-5.5502,150.1429,91.56,51,86,3.62,overcast clouds
361,Sudislavl,RU,2021-09-12 02:10:25,57.8817,41.7083,50.79,98,100,5.3,light rain
362,Maniitsoq,GL,2021-09-12 02:10:26,65.4167,-52.9,39.04,44,100,10.45,overcast clouds
363,Yerbogachen,RU,2021-09-12 02:10:26,61.2767,108.0108,50.36,60,100,2.59,overcast clouds
364,Pangody,RU,2021-09-12 02:10:27,65.85,74.4859,43.18,74,100,17.67,overcast clouds
365,Boyolangu,ID,2021-09-12 02:10:27,-8.1181,111.8935,76.66,86,100,8.93,overcast clouds
366,Mayumba,GA,2021-09-12 02:10:27,-3.432,10.6554,75.22,87,100,4.68,overcast clouds
367,Bay-Khaak,RU,2021-09-12 02:10:28,51.1667,94.5,54.55,37,100,1.7,overcast clouds
368,Pavlodar,KZ,2021-09-12 02:10:28,52.3,76.95,44.4,93,0,8.95,clear sky
369,Berbera,SO,2021-09-12 02:10:29,10.4396,45.0143,92.1,35,56,24.4,broken clouds
370,Kiunga,PG,2021-09-12 02:10:29,-6.1219,141.2906,87.62,62,97,3.89,overcast clouds
371,Awbari,LY,2021-09-12 02:10:29,26.5921,12.7805,84.24,18,0,9.06,clear sky
372,Korla,CN,2021-09-12 02:10:30,41.7597,86.1469,73.72,23,100,4.47,overcast clouds
373,Port Keats,AU,2021-09-12 02:10:30,-14.25,129.55,88.92,47,25,6.13,scattered clouds
374,Morondava,MG,2021-09-12 02:10:31,-20.2833,44.2833,70.66,57,0,12.53,clear sky
375,Sao Felix Do Xingu,BR,2021-09-12 02:10:31,-6.6447,-51.995,78.71,52,10,2.1,clear sky
376,Saint-Georges,GD,2021-09-12 02:08:30,12.0564,-61.7485,82.08,78,20,17.27,few clouds
377,Latung,PH,2021-09-12 02:10:32,5.5,120.8833,82.87,77,100,12.95,heavy intensity rain
378,Lahat,ID,2021-09-12 02:10:32,-3.8,103.5333,82.81,66,100,1.25,overcast clouds
379,Guangyuan,CN,2021-09-12 02:10:33,32.442,105.823,73.33,90,100,1.86,overcast clouds
380,Mingaora,PK,2021-09-12 02:10:33,34.7758,72.3625,68.77,83,32,4.16,scattered clouds
381,Presidencia Roque Saenz Pena,AR,2021-09-12 02:10:34,-26.7852,-60.4388,69.46,45,0,9.22,clear sky
382,Thouars,FR,2021-09-12 02:10:34,46.976,-0.2151,57.7,70,32,4.27,scattered clouds
383,Voh,NC,2021-09-12 02:10:35,-20.9667,164.7,80.29,39,0,6.11,clear sky
384,Khandyga,RU,2021-09-12 02:10:35,62.6667,135.6,59.5,43,12,0.54,few clouds
385,Fortuna,US,2021-09-12 02:10:36,40.5982,-124.1573,62.91,70,20,1.01,few clouds
386,Ponta Do Sol,PT,2021-09-12 02:10:36,32.6667,-17.1,76.01,89,58,8.12,broken clouds
387,Ongandjera,NA,2021-09-12 02:10:37,-17.8833,15.0667,64.72,28,50,9.01,scattered clouds
388,Aguimes,ES,2021-09-12 02:10:37,27.9054,-15.4461,71.01,88,20,19.57,few clouds
389,Asfi,MA,2021-09-12 02:10:37,32.2994,-9.2372,74.17,59,6,5.14,clear sky
390,Avanigadda,IN,2021-09-12 02:10:38,16.0215,80.9181,80.74,84,100,9.37,overcast clouds
391,Nizhneangarsk,RU,2021-09-12 02:10:38,55.7833,109.55,46.96,77,99,4.68,overcast clouds
392,Valdivia,CL,2021-09-12 02:10:39,-39.8142,-73.2459,46.49,96,100,9.53,overcast clouds
393,Villazon,BO,2021-09-12 02:10:39,-22.0866,-65.5942,47.1,7,77,0.94,broken clouds
394,The Valley,AI,2021-09-12 02:10:39,18.217,-63.0578,84.09,75,99,19.55,overcast clouds
395,Visby,SE,2021-09-12 02:10:40,57.6409,18.296,62.85,94,100,9.22,overcast clouds
396,Erdenet,MN,2021-09-12 02:10:40,49.0333,104.0833,48.06,84,12,3.94,few clouds
397,Mizdah,LY,2021-09-12 02:09:17,31.4451,12.9801,72.16,62,0,5.73,clear sky
398,Pareora,NZ,2021-09-12 02:10:41,-44.4871,171.2132,61.14,54,100,16.64,overcast clouds
399,Thayetmyo,MM,2021-09-12 02:10:41,19.3167,95.1833,75.27,95,100,7.58,overcast clouds
400,Neuquen,AR,2021-09-12 02:10:41,-38.9516,-68.0591,68.77,14,100,28.45,overcast clouds
401,Grindavik,IS,2021-09-12 02:10:42,63.8424,-22.4338,45.07,81,0,4.61,clear sky
402,Grand Gaube,MU,2021-09-12 02:10:42,-20.0064,57.6608,71.38,72,1,7.0,clear sky
403,Bundaberg,AU,2021-09-12 02:10:43,-24.85,152.35,77.29,44,90,14.97,overcast clouds
404,Ouegoa,NC,2021-09-12 02:10:43,-20.35,164.4333,76.3,53,0,13.78,clear sky
405,Osa,RU,2021-09-12 02:10:43,57.2829,55.4567,38.43,86,73,5.55,broken clouds
406,Margate,GB,2021-09-12 02:10:44,51.3813,1.3862,60.31,77,82,3.0,broken clouds
407,Touba,CI,2021-09-12 02:10:44,8.2833,-7.6833,68.61,95,100,1.79,overcast clouds
408,Kaputa,ZM,2021-09-12 02:10:45,-8.4689,29.6619,68.59,53,4,6.55,clear sky
409,Waidhofen,DE,2021-09-12 02:10:45,48.5833,11.3333,58.21,100,75,1.14,fog
410,Vostok,RU,2021-09-12 02:10:46,46.4856,135.8833,49.12,99,100,3.06,moderate rain
411,Santa Rosa,PH,2021-09-12 02:10:46,14.3122,121.1114,83.08,89,100,4.45,overcast clouds
412,Tartus,SY,2021-09-12 02:10:46,34.889,35.8866,79.05,67,81,9.51,broken clouds
413,Kamina,CD,2021-09-12 02:10:47,-8.7386,24.9906,71.82,30,99,5.82,overcast clouds
414,Mount Pleasant,US,2021-09-12 02:10:47,32.7941,-79.8626,74.98,84,1,1.99,clear sky
415,Mbuji-Mayi,CD,2021-09-12 02:10:47,-6.15,23.6,78.48,44,100,2.95,overcast clouds
416,Carauari,BR,2021-09-12 02:10:48,-4.8828,-66.8958,74.55,90,57,2.19,broken clouds
417,Duldurga,RU,2021-09-12 02:10:48,50.6761,113.5931,48.52,94,100,4.52,light rain
418,Iqaluit,CA,2021-09-12 02:10:49,63.7506,-68.5145,36.45,60,69,10.02,broken clouds
419,Irmo,US,2021-09-12 02:05:50,34.086,-81.1832,70.25,73,1,0.0,clear sky
420,Mayskiy,RU,2021-09-12 02:10:49,47.6931,40.1025,58.41,54,100,7.05,overcast clouds
421,Coolum Beach,AU,2021-09-12 02:10:50,-26.5333,153.1,77.34,51,0,13.13,clear sky
422,Yar-Sale,RU,2021-09-12 02:10:50,66.8333,70.8333,42.51,81,100,12.77,overcast clouds
423,Preobrazheniye,RU,2021-09-12 02:10:50,42.9019,133.9064,65.46,47,0,15.1,clear sky
424,Sovetskaya Gavan,RU,2021-09-12 02:10:51,48.9723,140.2878,55.08,86,100,15.48,overcast clouds
425,Bulgan,MN,2021-09-12 02:10:51,48.8125,103.5347,49.05,80,0,3.62,clear sky
426,Calvinia,ZA,2021-09-12 02:10:52,-31.4707,19.776,52.07,41,12,2.57,few clouds
427,Ambilobe,MG,2021-09-12 02:10:52,-13.2,49.05,65.73,62,40,5.93,scattered clouds
428,Whitianga,NZ,2021-09-12 02:10:52,-36.8333,175.7,63.01,58,38,9.33,scattered clouds
429,Thompson,CA,2021-09-12 02:10:32,55.7435,-97.8558,47.01,63,100,10.67,overcast clouds
430,Havre,FR,2021-09-12 02:10:53,49.5833,0.3333,60.57,82,75,5.75,broken clouds
431,Normandin,CA,2021-09-12 02:10:53,48.8333,-72.5321,61.23,76,100,12.55,overcast clouds
432,Tondano,ID,2021-09-12 02:10:54,1.3038,124.9112,68.09,96,100,0.89,moderate rain
433,Sur,OM,2021-09-12 02:10:54,22.5667,59.5289,84.83,65,97,2.93,overcast clouds
434,Westport,US,2021-09-12 02:10:54,41.1415,-73.3579,73.22,82,1,1.01,clear sky
435,Deniliquin,AU,2021-09-12 02:10:55,-35.5333,144.9667,59.0,36,95,15.39,overcast clouds
436,Arawa,PG,2021-09-12 02:10:55,-6.2132,155.5367,88.77,59,67,6.64,broken clouds
437,Sinnamary,GF,2021-09-12 02:10:56,5.3833,-52.95,78.12,84,31,10.42,scattered clouds
438,Berlevag,NO,2021-09-12 02:10:56,70.8578,29.0864,41.74,75,98,2.59,overcast clouds
439,College,US,2021-09-12 02:10:56,64.8569,-147.8028,59.32,46,75,5.75,haze
440,Codrington,AU,2021-09-12 02:10:57,-38.2667,141.9667,51.6,75,61,12.17,light rain
441,Crotone,IT,2021-09-12 02:10:57,39.0851,17.1178,62.92,85,95,15.84,overcast clouds
442,Srednekolymsk,RU,2021-09-12 02:10:58,67.45,153.6833,41.27,42,100,5.91,overcast clouds
443,Beringovskiy,RU,2021-09-12 02:10:58,63.05,179.3167,36.66,98,100,25.75,moderate rain
444,Arambagh,IN,2021-09-12 02:10:59,22.8833,87.7833,82.6,80,20,14.34,few clouds
445,Sape,BR,2021-09-12 02:10:59,-7.0964,-35.2328,72.77,91,54,4.7,broken clouds
446,Ryotsu,JP,2021-09-12 02:10:59,38.0833,138.4333,77.63,65,0,9.37,clear sky
447,Luganville,VU,2021-09-12 02:11:00,-15.5333,167.1667,77.86,84,70,13.76,broken clouds
448,Aitape,PG,2021-09-12 02:11:00,-3.1374,142.3475,86.72,63,99,7.07,overcast clouds
449,Ciro Marina,IT,2021-09-12 02:11:01,39.3732,17.126,62.85,88,100,13.71,overcast clouds
450,Mitsamiouli,KM,2021-09-12 02:11:01,-11.3847,43.2844,75.52,71,1,6.49,clear sky
451,Zhigansk,RU,2021-09-12 02:11:01,66.7697,123.3711,52.7,52,94,10.67,overcast clouds
452,Cochrane,CA,2021-09-12 02:08:50,51.1834,-114.4687,58.21,71,90,9.22,overcast clouds
453,Kozhevnikovo,RU,2021-09-12 02:11:02,56.2589,83.9714,47.93,94,61,9.33,broken clouds
454,Faya,SA,2021-09-12 02:11:02,18.3851,42.4509,66.72,49,91,3.36,overcast clouds
455,Pinega,RU,2021-09-12 02:11:03,64.7001,43.3936,33.17,96,22,4.07,few clouds
456,Klaksvik,FO,2021-09-12 02:11:03,62.2266,-6.589,50.92,85,100,7.9,overcast clouds
457,Vernon,CA,2021-09-12 02:11:04,50.2581,-119.2691,71.92,60,100,1.01,light rain
458,Tambovka,RU,2021-09-12 02:11:04,50.0969,128.0489,59.11,70,15,8.93,few clouds
459,Fergus Falls,US,2021-09-12 02:11:04,46.283,-96.0776,62.67,52,1,4.61,clear sky
460,Mach,PK,2021-09-12 02:11:05,29.8637,67.3298,78.19,67,0,1.92,clear sky
461,Ust-Kuyga,RU,2021-09-12 02:11:05,70.0167,135.6,55.4,40,33,9.53,scattered clouds
462,Milas,TR,2021-09-12 02:11:05,37.3164,27.7839,60.15,67,0,2.3,clear sky
463,Aranos,NA,2021-09-12 02:11:06,-24.1333,19.1167,59.58,29,0,15.28,clear sky
464,Matara,LK,2021-09-12 02:11:06,5.9485,80.5353,80.1,82,64,12.55,broken clouds
465,Sabya,SA,2021-09-12 02:11:07,17.1495,42.6254,87.85,72,28,4.36,scattered clouds
466,Anchorage,US,2021-09-12 02:09:47,61.2181,-149.9003,61.75,75,1,5.75,clear sky
467,Ketchikan,US,2021-09-12 02:11:07,55.3422,-131.6461,53.83,98,100,5.1,moderate rain
468,Kafanchan,NG,2021-09-12 02:11:08,9.5833,8.3,68.29,94,43,0.36,scattered clouds
469,Raga,SS,2021-09-12 02:11:08,8.4596,25.678,68.27,95,74,4.38,broken clouds
470,Ilabaya,PE,2021-09-12 02:11:08,-17.4208,-70.5133,61.09,58,4,2.33,clear sky
471,Ukiah,US,2021-09-12 02:11:09,39.1502,-123.2078,84.09,20,1,6.91,clear sky
472,Ust-Nera,RU,2021-09-12 02:11:09,64.5667,143.2,51.62,44,36,3.11,scattered clouds
473,Fare,PF,2021-09-12 02:11:10,-16.7,-151.0167,77.2,72,47,17.43,light rain
474,Maarianhamina,AX,2021-09-12 02:11:10,60.0973,19.9348,57.06,94,90,2.3,overcast clouds
475,Mtambile,TZ,2021-09-12 02:11:11,-5.3833,39.7,74.91,82,38,12.08,light rain
476,Nanakuli,US,2021-09-12 02:11:11,21.3906,-158.1547,87.75,56,40,11.5,scattered clouds
477,Meulaboh,ID,2021-09-12 02:07:17,4.1363,96.1285,80.24,79,88,2.53,overcast clouds
478,Rocha,UY,2021-09-12 02:11:12,-34.4833,-54.3333,50.83,97,19,6.96,few clouds
479,Bhadasar,IN,2021-09-12 02:11:12,28.2833,74.3167,78.69,85,88,15.43,overcast clouds
480,Novochernorechenskiy,RU,2021-09-12 02:11:12,56.2669,91.0828,52.12,78,100,12.35,overcast clouds
481,Sao Gabriel Da Cachoeira,BR,2021-09-12 02:11:13,-0.1303,-67.0892,73.87,94,66,1.79,light rain
482,Ixtapa,MX,2021-09-12 02:11:13,20.7,-105.2,85.23,84,40,5.75,scattered clouds
483,Norman Wells,CA,2021-09-12 02:11:14,65.282,-126.8329,50.95,89,99,0.94,overcast clouds
484,Juegang,CN,2021-09-12 02:11:14,32.3174,121.1855,79.32,81,100,18.25,overcast clouds
485,Neepawa,CA,2021-09-12 02:11:14,50.2289,-99.4664,53.82,55,100,7.36,light rain
486,Sungaipenuh,ID,2021-09-12 02:11:15,-2.0833,101.3833,74.3,72,21,0.94,few clouds
487,Serchhip,IN,2021-09-12 02:11:15,23.3,92.8333,73.11,77,100,1.88,overcast clouds
488,Lata,PT,2021-09-12 02:11:15,40.1629,-8.3327,64.81,82,58,1.81,broken clouds
489,Ekhabi,RU,2021-09-12 02:11:16,53.5102,142.9671,55.8,55,90,8.79,overcast clouds
490,Shirgaon,IN,2021-09-12 02:11:16,19.7,72.7,80.28,86,100,13.76,overcast clouds
491,Guarapari,BR,2021-09-12 02:11:17,-20.6667,-40.4975,73.29,93,100,2.17,overcast clouds
492,Kayalpattinam,IN,2021-09-12 02:11:17,8.5667,78.1167,80.91,78,40,4.61,haze
493,Rio Gallegos,AR,2021-09-12 02:11:17,-51.6226,-69.2181,42.85,70,90,17.27,overcast clouds
494,Yankton,US,2021-09-12 02:08:48,42.8711,-97.3973,73.65,73,1,10.36,clear sky
495,Borogontsy,RU,2021-09-12 02:12:33,62.6683,131.1683,60.96,36,18,3.18,few clouds
496,Cabanas,CU,2021-09-12 02:12:33,22.9758,-82.9219,75.67,79,38,9.37,light rain
497,Tonneins,FR,2021-09-12 02:12:34,44.3921,0.3124,64.42,91,89,3.42,overcast clouds
498,Turayf,SA,2021-09-12 02:12:34,31.6725,38.6637,65.35,63,0,9.06,clear sky
499,Campoverde,PE,2021-09-12 02:12:35,-8.4753,-74.8058,74.41,82,18,2.04,few clouds
500,Kieta,PG,2021-09-12 02:12:36,-6.2167,155.6333,86.5,64,78,8.21,broken clouds
501,Alamosa,US,2021-09-12 02:12:19,37.4695,-105.87,74.71,18,1,11.5,clear sky
502,Bubaque,GW,2021-09-12 02:12:36,11.2833,-15.8333,80.24,80,91,8.41,overcast clouds
503,Laurel,US,2021-09-12 02:12:37,39.0993,-76.8483,72.5,79,1,3.44,clear sky
504,Keti Bandar,PK,2021-09-12 02:12:37,24.1447,67.4497,80.62,87,100,14.43,overcast clouds
505,Port Lincoln,AU,2021-09-12 02:12:38,-34.7333,135.8667,53.82,58,70,28.86,broken clouds
506,Valentin Gomez Farias,MX,2021-09-12 02:12:38,28.2167,-106.5833,67.91,40,1,5.75,clear sky
507,Laguna,US,2021-09-12 02:12:39,38.421,-121.4238,91.92,26,1,4.61,clear sky
508,Puerto Princesa,PH,2021-09-12 02:12:39,9.7392,118.7353,86.11,68,100,9.93,overcast clouds
509,Fallon,US,2021-09-12 02:12:40,39.4735,-118.7774,84.27,23,1,3.44,clear sky
510,Price,US,2021-09-12 02:09:52,39.5994,-110.8107,67.12,77,1,3.44,clear sky
511,Madang,PG,2021-09-12 02:12:40,-5.2246,145.7966,86.68,62,97,5.23,overcast clouds
512,Kruisfontein,ZA,2021-09-12 02:12:41,-34.0033,24.7314,57.88,94,85,3.15,overcast clouds
513,Muros,ES,2021-09-12 02:12:41,42.7762,-9.0603,69.24,94,91,5.66,overcast clouds
514,Gezing,AT,2021-09-12 02:12:42,47.9178,13.1299,61.02,94,75,4.61,broken clouds
515,Synya,RU,2021-09-12 02:12:42,65.3718,58.0387,36.23,98,100,6.6,overcast clouds
516,Luangwa,ZM,2021-09-12 02:12:43,-15.6167,30.4167,62.69,63,100,3.18,overcast clouds
517,Aksay,RU,2021-09-12 02:12:43,47.26,39.87,64.38,44,100,7.11,overcast clouds
518,Sao Domingos,BR,2021-09-12 02:12:44,-13.3983,-46.3183,78.24,26,18,7.4,few clouds
519,Susangerd,IR,2021-09-12 02:12:44,31.5608,48.1831,84.31,26,0,10.63,clear sky
520,Sandnessjoen,NO,2021-09-12 02:12:45,66.0217,12.6316,49.57,78,45,4.36,scattered clouds
521,Fairlie,GB,2021-09-12 02:12:46,55.756,-4.8556,53.4,90,95,1.99,overcast clouds
522,Svetlogorsk,BY,2021-09-12 02:12:46,52.6333,29.7333,54.63,80,96,1.81,overcast clouds
523,Halifax,CA,2021-09-12 02:12:02,44.6453,-63.5724,58.68,86,86,1.01,overcast clouds
524,Makiyivka,UA,2021-09-12 02:12:47,48.0478,37.9258,64.4,41,100,5.68,overcast clouds
525,Brigantine,US,2021-09-12 02:12:47,39.4101,-74.3646,72.0,76,1,6.91,clear sky
526,Thaba Nchu,ZA,2021-09-12 02:12:48,-29.2093,26.839,52.95,38,0,4.52,clear sky
527,Andenes,NO,2021-09-12 02:12:48,69.3143,16.1194,47.46,87,100,3.44,overcast clouds
528,Jhalrapatan,IN,2021-09-12 02:12:49,24.55,76.1667,76.03,92,21,6.46,few clouds
529,Beloha,MG,2021-09-12 02:08:11,-25.1667,45.05,62.02,87,0,9.57,clear sky
530,Santa Isabel Do Rio Negro,BR,2021-09-12 02:12:50,-0.4139,-65.0192,73.27,97,12,1.99,few clouds
531,Tabas,IR,2021-09-12 02:12:50,33.5959,56.9244,75.02,25,0,3.09,clear sky
532,Biak,ID,2021-09-12 02:12:51,-0.9131,122.8766,79.52,82,82,2.15,broken clouds
533,Pompeia,BR,2021-09-12 02:12:37,-22.1086,-50.1717,68.65,62,15,4.85,few clouds
534,Bukan,IR,2021-09-12 02:12:52,36.521,46.2089,64.83,30,0,4.65,clear sky
535,Kerman,IR,2021-09-12 02:11:09,30.2832,57.0788,68.45,20,0,2.17,clear sky
536,Jiangyou,CN,2021-09-12 02:12:52,31.7667,104.7167,73.06,82,100,3.0,overcast clouds
537,Northam,GB,2021-09-12 02:12:53,51.0333,-4.2167,57.47,95,87,4.88,overcast clouds
538,Asau,RO,2021-09-12 02:12:53,46.4333,26.4,57.76,53,33,4.36,light rain
539,Kuruman,ZA,2021-09-12 02:12:54,-27.4524,23.4325,55.99,31,0,8.7,clear sky
540,Viedma,AR,2021-09-12 02:12:54,-40.8135,-62.9967,60.4,69,100,18.03,light rain
541,Hastings,GB,2021-09-12 02:12:55,50.8552,0.5729,59.72,80,49,6.49,scattered clouds
542,Cocorit,MX,2021-09-12 02:12:56,27.5833,-109.9667,89.94,64,12,8.79,few clouds
543,Vardo,NO,2021-09-12 02:12:56,70.3705,31.1107,43.27,72,100,6.31,overcast clouds
544,Bridlington,GB,2021-09-12 02:12:57,54.0831,-0.1919,57.38,76,90,9.53,overcast clouds
545,Taltal,CL,2021-09-12 02:12:57,-25.4,-70.4833,56.3,82,98,1.5,overcast clouds
546,Sabzevar,IR,2021-09-12 02:12:58,36.2126,57.6819,66.72,32,0,8.03,clear sky
547,Nantucket,US,2021-09-12 02:08:07,41.2835,-70.0995,70.0,77,1,11.5,clear sky
548,Vilaka,LV,2021-09-12 02:12:59,57.1846,27.6722,56.75,97,35,3.83,scattered clouds
549,San Fernando,PH,2021-09-12 02:12:59,15.0286,120.6898,80.15,96,100,4.97,moderate rain
550,Nome,US,2021-09-12 02:13:00,64.5011,-165.4064,48.16,76,90,5.75,overcast clouds
551,Sabha,LY,2021-09-12 02:13:00,27.0377,14.4283,85.98,19,0,9.31,clear sky
552,Bitlis,TR,2021-09-12 02:13:01,38.5,42.25,51.28,66,0,2.28,clear sky
553,Staryy Nadym,RU,2021-09-12 02:13:01,65.6118,72.6842,42.44,74,100,18.95,overcast clouds
554,Maragogi,BR,2021-09-12 02:13:02,-9.0122,-35.2225,75.16,88,85,11.54,overcast clouds
555,Birin,NP,2021-09-12 02:13:02,26.8865,88.0718,68.0,65,91,1.88,overcast clouds
556,Katherine,AU,2021-09-12 02:13:03,-14.4667,132.2667,88.12,48,75,5.75,broken clouds
557,Harper,LR,2021-09-12 02:13:03,4.375,-7.7169,77.97,84,100,5.17,light rain
558,Dunedin,NZ,2021-09-12 02:13:04,-45.8742,170.5036,64.8,32,58,7.0,broken clouds
559,Bolshoy Lug,RU,2021-09-12 02:13:05,52.0779,104.0919,44.78,60,0,4.25,clear sky
560,Encheng,CN,2021-09-12 02:13:05,22.1839,112.3026,89.15,68,37,2.48,light rain
561,Burns Lake,CA,2021-09-12 02:13:06,54.2331,-125.7533,56.82,50,49,8.32,scattered clouds
562,Moose Factory,CA,2021-09-12 02:13:06,51.2585,-80.6094,50.05,93,100,11.07,overcast clouds
563,Jieshi,CN,2021-09-12 02:13:07,22.8134,115.8257,89.15,67,70,8.84,broken clouds
564,Barao De Melgaco,BR,2021-09-12 02:13:07,-16.1944,-55.9675,86.52,39,91,2.42,overcast clouds
565,Norsup,VU,2021-09-12 02:13:08,-16.0667,167.3833,79.38,75,56,14.61,broken clouds
566,Lockport,US,2021-09-12 02:12:36,41.5895,-88.0578,81.99,74,1,6.91,clear sky
567,Suntar,RU,2021-09-12 02:13:09,62.1444,117.6319,61.34,53,97,4.14,overcast clouds
568,Sept-Iles,CA,2021-09-12 02:11:02,50.2001,-66.3821,55.06,84,8,3.0,clear sky
569,Napier,NZ,2021-09-12 02:10:31,-39.4833,176.9167,63.25,56,4,5.99,clear sky
570,Seryshevo,RU,2021-09-12 02:13:09,51.0933,128.3786,57.45,69,0,8.16,clear sky
571,Sanlucar La Mayor,ES,2021-09-12 02:13:10,37.3871,-6.2011,70.41,85,0,1.34,clear sky
572,Bam,IR,2021-09-12 02:13:11,29.106,58.357,77.83,16,3,10.6,clear sky
573,Port Hawkesbury,CA,2021-09-12 02:13:12,45.6169,-61.3485,60.69,84,5,6.29,clear sky
574,Noumea,NC,2021-09-12 02:13:12,-22.2763,166.4572,78.78,54,0,17.22,clear sky
575,Pillaro,EC,2021-09-12 02:13:13,-1.1667,-78.5333,52.14,93,100,3.47,overcast clouds
576,Nelson Bay,AU,2021-09-12 02:13:13,-32.7167,152.15,86.09,31,0,6.06,clear sky
577,Mtwara,TZ,2021-09-12 02:13:14,-10.2667,40.1833,69.21,91,6,7.43,clear sky
578,Dawlatabad,AF,2021-09-12 02:13:14,36.4141,64.9053,63.88,18,0,2.66,clear sky
579,Flinders,AU,2021-09-12 02:13:14,-34.5833,150.8552,84.2,28,0,8.99,clear sky
580,Te Anau,NZ,2021-09-12 02:13:15,-45.4167,167.7167,48.88,96,100,8.66,heavy intensity rain
581,Bandar,ID,2021-09-12 02:13:16,2.05,99.75,75.4,97,100,2.17,overcast clouds
582,Hay River,CA,2021-09-12 02:13:16,60.8156,-115.7999,50.65,85,93,6.76,overcast clouds
583,Emerald,AU,2021-09-12 02:13:17,-23.5333,148.1667,80.91,32,3,11.27,clear sky
584,Tommot,RU,2021-09-12 02:12:12,58.9564,126.2925,60.15,59,0,2.77,clear sky
585,Mehamn,NO,2021-09-12 02:13:17,71.0357,27.8492,40.08,80,92,4.14,overcast clouds
586,Athabasca,CA,2021-09-12 02:13:18,54.7169,-113.2854,57.87,82,94,6.31,overcast clouds
587,Abilene,US,2021-09-12 02:13:18,32.4487,-99.7331,82.62,37,1,9.22,clear sky
588,Oga,IT,2021-09-12 02:13:19,46.4631,10.347,51.69,91,7,0.98,clear sky
589,Riyadh,SA,2021-09-12 02:09:49,24.6877,46.7219,77.14,20,15,9.31,few clouds
590,Boyle,US,2021-09-12 02:13:20,37.6334,-84.8666,73.06,77,1,3.44,clear sky
591,Itamaraca,BR,2021-09-12 02:13:20,-7.7478,-34.8256,77.05,84,47,9.33,scattered clouds
592,Rio Claro,BR,2021-09-12 02:11:19,-22.4114,-47.5614,71.31,56,82,2.59,broken clouds
593,Nyergesujfalu,HU,2021-09-12 02:13:21,47.7603,18.5569,60.1,52,0,1.48,clear sky
594,Borgarnes,IS,2021-09-12 02:13:21,64.5383,-21.9206,45.16,94,100,5.35,overcast clouds
595,Taoudenni,ML,2021-09-12 02:13:22,22.6783,-3.9836,96.94,11,2,4.09,clear sky
596,Orebro,SE,2021-09-12 02:13:22,59.2741,15.2066,60.98,94,75,6.91,broken clouds
597,Mapastepec,MX,2021-09-12 02:13:23,15.4333,-92.9,75.78,94,100,5.77,overcast clouds
598,Walvis Bay,NA,2021-09-12 02:13:23,-22.9575,14.5053,54.09,78,1,12.3,clear sky
599,Nizwa,OM,2021-09-12 02:13:24,22.9333,57.5333,85.51,50,99,0.98,overcast clouds
600,De-Kastri,RU,2021-09-12 02:13:25,51.4667,140.7833,55.94,69,98,15.5,overcast clouds
601,Balkanabat,TM,2021-09-12 02:13:25,39.5108,54.3671,75.61,18,0,15.23,clear sky
602,Ballina,AU,2021-09-12 02:13:26,-28.8667,153.5667,83.79,35,0,13.13,clear sky
603,Kampot,KH,2021-09-12 02:13:26,10.6167,104.1833,84.25,82,100,14.63,overcast clouds
604,Ponta Delgada,PT,2021-09-12 02:13:27,37.7333,-25.6667,66.92,77,20,10.36,few clouds
605,Lake Havasu City,US,2021-09-12 02:12:35,34.4839,-114.3224,104.61,21,1,3.0,clear sky
606,Yarovoye,RU,2021-09-12 02:13:27,52.9273,78.58,46.67,64,88,12.97,overcast clouds
607,Honiara,SB,2021-09-12 02:13:28,-9.4333,159.95,87.46,59,86,8.79,overcast clouds
608,Taksimo,RU,2021-09-12 02:13:29,56.3444,114.8794,52.27,93,100,1.68,light rain
609,Surt,LY,2021-09-12 02:13:29,31.2089,16.5887,79.7,81,5,8.86,clear sky
610,Pitimbu,BR,2021-09-12 02:13:30,-7.4706,-34.8086,73.99,82,43,11.05,scattered clouds
611,Hecun,CN,2021-09-12 02:13:30,36.5333,114.1111,80.19,74,28,4.52,light rain
612,Lingao,CN,2021-09-12 02:13:31,19.9103,109.6859,85.03,72,95,7.29,overcast clouds
613,Beira,MZ,2021-09-12 02:13:31,-19.8436,34.8389,71.06,67,73,6.98,broken clouds
614,Claymont,US,2021-09-12 02:13:32,39.8007,-75.4596,70.92,75,1,1.01,clear sky
615,Veraval,IN,2021-09-12 02:13:32,20.9,70.3667,80.22,89,100,14.32,overcast clouds
616,Kungurtug,RU,2021-09-12 02:13:33,50.5994,97.5228,53.82,41,15,2.28,few clouds
617,Zhezkazgan,KZ,2021-09-12 02:13:33,47.8043,67.7144,49.98,52,1,8.21,clear sky
618,Porto Seguro,BR,2021-09-12 02:12:55,-16.4497,-39.0647,75.72,83,40,10.36,scattered clouds
619,Coihaique,CL,2021-09-12 02:13:33,-45.5752,-72.0662,42.75,93,90,0.0,light rain
620,Santa Maria,BR,2021-09-12 02:13:34,-29.6842,-53.8069,55.02,92,0,5.59,clear sky
621,Carahue,CL,2021-09-12 02:13:34,-38.7,-73.1667,48.4,93,100,10.71,overcast clouds
622,Eyrarbakki,IS,2021-09-12 02:13:35,63.863,-21.1481,45.01,74,100,2.71,overcast clouds
623,Grand-Lahou,CI,2021-09-12 02:13:36,5.1367,-5.0242,75.63,90,100,6.24,moderate rain
624,Broome,US,2021-09-12 02:13:36,42.2506,-75.833,66.6,63,27,1.01,scattered clouds
625,Petropavlovsk-Kamchatskiy,RU,2021-09-12 02:13:36,53.0452,158.6483,57.79,31,0,11.18,clear sky
626,Praia,CV,2021-09-12 02:13:37,14.9215,-23.5087,77.54,94,75,1.14,broken clouds
627,Sistranda,NO,2021-09-12 02:13:37,63.7256,8.834,53.91,86,100,17.25,overcast clouds
628,Hangu,CN,2021-09-12 02:13:38,39.2489,117.7892,77.04,58,4,14.74,light rain
629,Nuuk,GL,2021-09-12 02:13:39,64.1835,-51.7216,39.81,65,75,9.22,broken clouds
630,West Des Moines,US,2021-09-12 02:13:39,41.572,-93.7453,80.64,71,20,10.0,few clouds
631,Bell Ville,AR,2021-09-12 02:13:40,-32.6259,-62.6887,62.8,52,96,20.76,overcast clouds
632,Komsomolets,KZ,2021-09-12 02:13:41,53.7453,62.0708,41.13,65,71,10.27,broken clouds
633,Manokwari,ID,2021-09-12 02:10:18,-0.8667,134.0833,83.1,71,58,7.09,broken clouds
634,Stornoway,GB,2021-09-12 02:13:42,58.2093,-6.3865,57.92,93,90,2.3,overcast clouds
635,Talara,PE,2021-09-12 02:13:43,-4.5772,-81.2719,64.83,89,52,17.4,broken clouds
636,Nouadhibou,MR,2021-09-12 02:13:43,20.931,-17.0347,73.49,92,98,8.34,overcast clouds
637,Loiza,PR,2021-09-12 02:13:44,18.4313,-65.8802,84.2,88,40,0.0,scattered clouds
638,Lodwar,KE,2021-09-12 02:13:45,3.1191,35.5973,80.15,44,58,17.81,broken clouds
639,Nyurba,RU,2021-09-12 02:13:45,63.2842,118.3319,61.38,52,79,4.83,broken clouds
640,Lensk,RU,2021-09-12 02:13:46,60.7253,114.9278,60.39,76,100,3.29,overcast clouds
641,Eydhafushi,MV,2021-09-12 02:13:46,5.1033,73.0708,82.9,70,100,11.21,overcast clouds
642,Janow Lubelski,PL,2021-09-12 02:13:46,50.707,22.4104,55.22,69,70,3.83,broken clouds
643,Mersing,MY,2021-09-12 02:13:47,2.4312,103.8405,83.86,71,41,5.3,scattered clouds
644,Khasan,RU,2021-09-12 02:13:48,42.4308,130.6434,65.34,51,0,18.52,clear sky
645,Sebastian,US,2021-09-12 02:13:48,35.1668,-94.2669,79.36,57,0,5.03,clear sky
646,Pangai,TO,2021-09-12 02:13:49,-19.8,-174.35,75.76,84,100,14.36,overcast clouds
647,Beaverlodge,CA,2021-09-12 02:13:49,55.2166,-119.4361,58.57,50,34,8.52,scattered clouds
648,Puerto Baquerizo Moreno,EC,2021-09-12 02:13:50,-0.9,-89.6,69.31,81,95,10.36,overcast clouds
649,Blythe,US,2021-09-12 02:11:44,33.6103,-114.5964,103.03,22,20,9.22,few clouds
650,Kloulklubed,PW,2021-09-12 02:13:51,7.0419,134.2556,81.1,71,100,8.77,heavy intensity rain
651,Proletarsk,RU,2021-09-12 02:13:51,46.7031,41.7192,64.2,40,100,7.67,light rain
652,Eregli,TR,2021-09-12 02:13:52,37.5133,34.0467,58.5,59,0,3.44,clear sky
653,Barreirinhas,BR,2021-09-12 02:13:53,-2.7469,-42.8264,79.43,82,62,11.52,broken clouds
654,Izhmorskiy,RU,2021-09-12 02:13:53,56.194,86.6414,51.04,93,99,11.14,light rain
655,Larap,PH,2021-09-12 02:13:53,14.299,122.6504,86.65,68,100,7.25,overcast clouds
656,Banyo,CM,2021-09-12 02:13:54,6.75,11.8167,63.05,89,23,3.11,few clouds
657,Jalu,LY,2021-09-12 02:13:55,29.0331,21.5482,85.33,28,0,10.4,clear sky
658,Maine-Soroa,NE,2021-09-12 02:13:55,13.2114,12.0241,84.15,58,100,7.56,overcast clouds
659,Tautira,PF,2021-09-12 02:13:56,-17.7333,-149.15,82.42,66,72,12.68,broken clouds
660,Vredendal,ZA,2021-09-12 02:13:56,-31.6683,18.5012,60.21,84,100,3.76,overcast clouds
661,Chicama,PE,2021-09-12 02:13:57,-7.8447,-79.1469,64.58,83,45,7.76,scattered clouds
662,San Andres,CO,2021-09-12 02:13:57,12.5847,-81.7006,84.22,79,20,13.8,few clouds
663,Kinkala,CG,2021-09-12 02:13:58,-4.3614,14.7644,73.06,82,100,5.91,overcast clouds
664,Antigonish,CA,2021-09-12 02:13:59,45.6169,-61.9986,60.93,85,9,6.53,clear sky
665,Boa Vista,BR,2021-09-12 02:13:59,2.8197,-60.6733,82.38,65,0,3.44,clear sky
666,Road Town,VG,2021-09-12 02:14:00,18.4167,-64.6167,83.19,75,63,19.42,broken clouds
667,Olinda,BR,2021-09-12 02:14:00,-8.0089,-34.8553,76.73,73,40,10.36,scattered clouds
668,Zheshart,RU,2021-09-12 02:14:01,62.0731,49.5733,33.15,98,18,4.76,few clouds
669,Chichimila,MX,2021-09-12 02:14:01,20.6167,-88.2167,78.98,85,100,4.88,overcast clouds
670,Dukhovnitskoye,RU,2021-09-12 02:14:02,52.4828,48.2137,52.23,61,6,6.89,clear sky
